km	interna	velocidade	umidade_absoluta	umidade_relativa	ambiente_seca	ambiente_umida	ibutg	tpeito	pele	interna_pele	pse	ct	st	fc	pacing	vento
10	40.75	10.06	0.02	68.00	33.00	28.10	29.57	35.00	36.11	4.64	18.00	2.00	6.00	199.00	5.97	0.00
10	39.55	9.85	0.03	71.00	33.00	28.50	29.85	34.80	35.11	4.44	17.00	4.00	7.00	188.00	6.09	0.00
10	38.90	9.23	0.03	73.00	33.00	29.00	30.20	35.20	35.58	3.32	20.00	4.00	7.00	155.00	6.50	0.00
10	39.72	10.15	0.02	67.00	33.00	28.00	29.50	35.60	36.05	3.67	19.00	4.00	7.00	164.00	5.91	0.00
10	39.65	9.67	0.03	74.00	33.00	29.00	30.20	36.40	34.68	4.97	19.00	4.00	6.00	169.00	6.20	0.00
10	40.06	11.69	0.03	71.00	33.00	28.50	29.85	36.20	32.92	7.14	11.00	2.00	5.00	186.00	5.13	0.00
10	39.70	10.82	0.03	71.00	33.00	28.50	29.85	36.20	36.64	3.06	19.00	4.00	6.00	199.00	5.55	0.00
10	40.38	12.22	0.02	68.00	33.00	28.00	29.50	36.20	36.61	3.77	19.00	4.00	6.00	191.00	4.91	0.00
10	39.26	10.83	0.03	71.00	33.10	28.40	29.81	36.20	35.59	3.67	18.00	4.00	7.00	187.00	5.54	0.00
10	40.44	9.57	0.03	71.00	33.00	28.50	29.85	36.80	36.97	3.47	17.00	4.00	7.00	185.00	6.27	0.00
10	39.80	10.01	0.03	74.00	33.10	29.00	30.23	36.20	35.52	4.28	20.00	4.00	7.00	185.00	5.99	0.00
10	40.70	10.89	0.03	71.00	32.90	28.00	29.47	35.40	36.25	4.45	18.00	2.00	6.00	196.00	5.51	0.00
10	40.23	10.56	0.03	71.00	33.10	28.60	29.95	34.60	36.52	3.71	19.00	4.00	7.00	188.00	5.68	0.00
10	38.73	9.62	0.02	67.00	33.00	28.00	29.50	35.60	35.42	3.31	20.00	4.00	7.00	169.00	6.24	0.00
10	39.09	10.09	0.03	73.00	33.00	29.00	30.20	36.60	36.06	3.03	20.00	4.00	7.00	168.00	5.95	0.00
10	39.15	8.57	0.03	71.00	33.10	28.60	29.95	35.40	33.23	5.92	17.00	4.00	6.00	171.00	7.00	0.00
10	40.48	12.79	0.03	71.00	32.80	28.20	29.58	36.80	33.81	6.67	11.00	2.00	5.00	173.00	4.69	0.00
10	39.43	11.81	0.03	71.00	33.10	28.60	29.95	35.40	36.58	2.85	18.00	4.00	6.00	193.00	5.08	0.00
10	39.87	11.61	0.02	71.00	32.30	28.60	29.71	35.60	35.41	4.46	19.00	4.00	6.00	174.00	5.17	0.00
10	39.98	10.73	0.03	71.00	33.40	28.00	29.62	35.40	35.35	4.63	18.00	4.00	7.00	190.00	5.59	0.00
10	40.65	9.97	0.03	71.00	33.10	28.50	29.88	36.20	36.90	3.75	17.00	4.00	7.00	186.00	6.02	0.00
10	40.20	10.59	0.03	72.00	33.00	28.70	29.99	36.60	36.69	3.51	19.00	4.00	7.00	186.00	5.67	0.00
10	39.28	9.01	0.02	62.00	32.80	27.10	28.81	30.00	29.05	10.23	20.00	4.00	7.00	188.00	6.66	5.30
10	39.16	12.54	0.02	54.00	32.60	24.30	26.79	33.40	30.32	8.84	15.00	4.00	7.00	168.00	4.79	6.70
10	39.34	14.60	0.02	57.00	33.10	26.00	28.13	32.20	29.84	9.50	20.00	3.00	6.00	186.00	4.11	5.50
10	39.72	11.38	0.02	55.00	32.70	25.10	27.38	32.00	30.12	9.60	19.00	4.00	7.00	195.00	5.27	6.40
10	39.10	10.88	0.02	55.00	33.00	25.50	27.75	35.00	32.08	7.02	19.00	3.00	7.00	193.00	5.52	6.40
10	39.69	10.06	0.02	55.00	32.90	25.40	27.65	33.40	31.21	8.48	19.00	7.00	4.00	183.00	5.97	5.70
10	39.72	13.79	0.02	63.00	32.60	26.50	28.33	32.40	29.63	10.09	18.00	3.00	7.00	188.00	4.35	5.90
10	39.79	11.37	0.02	60.00	33.40	27.00	28.92	33.20	30.92	8.87	19.00	4.00	6.33	195.00	5.28	5.40
10	39.39	10.32	0.02	55.00	33.30	26.00	28.19	32.20	30.22	9.17	16.00	3.00	6.42	191.00	5.82	8.50
10	39.13	9.42	0.02	55.00	33.00	25.50	27.75	33.60	31.39	7.74	17.00	3.00	6.00	172.00	6.37	5.90
10	39.49	12.62	0.02	55.00	33.20	24.90	27.39	33.60	31.73	7.76	13.00	4.00	7.00	177.00	4.75	6.60
10	40.19	8.19	0.02	55.00	33.10	25.50	27.78	33.60	31.62	8.57	19.00	4.00	7.00	189.00	7.32	7.20
10	39.15	13.58	0.02	55.00	33.00	25.70	27.89	32.20	30.11	9.04	19.00	4.00	6.00	181.00	4.42	5.80
10	38.88	13.95	0.02	57.00	32.70	26.50	28.36	34.20	32.03	6.85	18.25	3.75	6.50	178.00	4.30	6.30
10	39.81	13.91	0.02	57.00	33.20	26.00	28.16	33.20	30.34	9.47	20.00	4.00	7.00	156.00	4.31	6.60
10	39.41	9.79	0.02	55.00	32.80	25.60	27.76	31.20	29.74	9.67	19.00	4.00	6.58	184.00	6.13	6.00
10	39.73	11.51	0.02	55.00	33.20	25.40	27.74	33.60	30.04	9.69	20.00	4.00	6.58	185.00	5.22	5.80
10	39.48	10.06	0.02	55.00	33.20	25.70	27.95	31.20	28.77	10.71	19.00	3.00	3.00	170.00	5.96	6.00
10	38.33	12.41	0.02	45.00	33.00	23.70	26.49	35.00	35.62	2.71	17.00	3.00	4.00	169.00	4.83	4.68
10	38.86	11.92	0.02	50.00	33.10	24.50	27.08	34.60	34.27	4.59	15.00	1.00	2.00	167.00	5.03	4.68
10	39.13	12.38	0.02	45.00	32.40	23.20	25.96	34.80	35.76	3.37	18.00	5.00	6.00	187.00	4.85	5.04
10	38.74	14.40	0.02	45.00	33.00	23.40	26.28	32.20	32.66	6.08	17.00	5.00	7.00	162.00	4.17	4.32
10	39.01	11.96	0.02	50.00	33.20	24.80	27.32	34.60	33.87	5.14	18.00	1.00	4.00	178.00	5.02	4.68
10	39.59	10.81	0.02	45.00	33.20	24.20	26.90	36.00	35.94	3.65	19.00	6.00	7.00	161.00	5.55	5.04
10	39.66	15.79	0.02	45.00	33.10	23.70	26.52	35.20	34.56	5.10	16.00	4.00	4.00	184.00	3.80	4.32
10	39.58	13.90	0.02	42.00	33.20	23.30	26.27	35.80	36.02	3.56	19.00	5.00	6.00	174.00	4.32	5.40
10	39.39	12.20	0.02	47.00	33.10	23.90	26.66	35.80	35.77	3.62	15.00	0.00	4.00	190.00	4.92	5.40
10	38.96	11.76	0.02	55.00	33.40	25.50	27.87	35.20	35.69	3.27	18.00	3.00	4.00	162.00	5.10	5.04
10	38.72	12.46	0.02	55.00	33.20	25.60	27.88	34.80	34.70	4.02	16.00	1.00	3.00	172.00	4.82	5.04
10	39.73	14.46	0.02	57.00	32.60	25.40	27.56	35.60	36.35	3.38	17.00	5.00	6.00	192.00	4.15	5.04
10	38.65	14.81	0.02	57.00	33.30	26.40	28.47	32.80	33.33	5.32	19.00	6.00	7.00	166.00	4.05	5.04
10	39.59	11.84	0.02	57.00	33.00	26.20	28.24	36.00	35.94	3.65	18.00	4.00	6.00	194.00	5.07	4.68
10	38.70	10.53	0.02	57.00	32.70	25.90	27.94	35.60	35.81	2.89	19.00	6.00	8.00	184.00	5.70	5.04
10	39.17	14.40	0.02	57.00	33.40	26.70	28.71	35.40	35.65	3.52	17.00	5.00	7.00	183.00	4.17	4.68
10	39.93	14.01	0.02	55.00	32.80	25.30	27.55	35.40	35.71	4.22	19.00	5.00	7.00	175.00	4.28	5.40
10	39.12	12.50	0.02	55.00	32.90	25.60	27.79	35.00	35.29	3.83	15.00	2.00	2.00	195.00	4.80	5.40
10	38.94	9.25	0.03	80.00	33.20	30.00	30.96	36.40	36.69	2.25	19.00	6.00	8.00	151.00	6.49	4.68
10	39.51	11.65	0.03	80.00	32.60	29.50	30.43	36.90	36.69	2.82	16.00	2.00	4.00	171.00	5.15	5.04
10	39.97	9.55	0.03	77.00	32.80	29.20	30.28	37.80	38.08	1.89	20.00	6.00	8.00	188.00	6.28	4.68
10	39.66	12.20	0.03	80.00	33.00	29.90	30.83	35.60	35.80	3.86	19.00	6.00	8.00	180.00	4.92	4.68
10	39.71	10.20	0.03	77.00	33.10	29.70	30.72	36.00	36.15	3.56	18.00	5.00	7.00	190.00	5.88	5.04
10	39.94	9.02	0.03	77.00	33.00	29.40	30.48	36.40	36.42	3.52	19.00	6.00	8.00	189.00	6.65	5.04
10	40.06	12.77	0.03	77.00	33.00	29.60	30.62	36.60	36.43	3.63	18.00	6.00	8.00	182.00	4.70	5.76
10	40.34	10.75	0.03	77.00	32.70	29.10	30.18	35.80	36.70	3.64	20.00	6.00	8.00	174.00	5.58	5.04
10	39.18	9.23	0.03	80.00	32.80	29.80	30.70	36.40	36.86	2.32	18.00	3.00	4.00	162.00	6.50	5.40
10	39.61	9.67	0.02	65.00	32.90	27.40	29.05	34.60	35.18	4.43	19.00	4.00	0.00	188.00	6.21	5.60
10	39.73	14.05	0.02	63.00	33.50	27.50	29.30	36.20	36.07	3.66	19.00	4.00	0.00	183.00	4.27	5.70
10	39.17	9.77	0.02	63.00	32.80	26.80	28.60	36.80	36.76	2.41	19.00	4.00	0.00	195.00	6.14	5.20
10	40.56	14.80	0.02	63.00	33.00	27.00	28.80	37.20	36.97	3.59	19.00	4.00	0.00	189.00	4.05	5.60
10	39.19	10.89	0.02	66.00	33.00	27.50	29.15	35.40	35.65	3.54	19.00	4.00	0.00	173.00	5.51	6.10
10	39.60	12.68	0.02	63.00	33.00	27.00	28.80	34.60	35.23	4.37	16.00	1.00	0.00	181.00	4.73	5.20
10	39.50	11.61	0.02	65.00	32.90	26.90	28.70	35.20	35.41	4.09	19.00	4.00	0.00	185.00	5.17	5.60
10	39.95	9.52	0.02	63.00	33.40	27.40	29.20	35.60	35.84	4.11	15.00	3.00	0.00	189.00	6.30	5.90
9	40.52	10.00	0.02	68.00	33.00	28.05	29.54	35.40	36.16	4.36	16.00	2.00	6.00	195.00	6.00	0.00
9	39.19	9.77	0.03	71.00	33.00	28.70	29.99	35.40	35.33	3.86	17.00	4.00	7.00	179.00	6.14	0.00
9	38.84	9.16	0.03	73.00	33.00	29.00	30.20	35.40	34.97	3.87	18.00	4.00	7.00	155.00	6.55	0.00
9	39.39	10.07	0.03	70.00	33.00	28.50	29.85	35.20	35.96	3.43	18.00	4.00	7.00	158.00	5.96	0.00
9	39.33	9.93	0.03	74.00	33.15	29.00	30.25	35.40	34.82	4.51	17.00	4.00	5.00	163.00	6.04	0.00
9	39.76	11.55	0.03	71.00	32.95	28.50	29.84	35.20	32.80	6.96	11.00	3.00	6.00	180.00	5.20	0.00
9	39.45	10.52	0.03	69.50	32.95	28.35	29.73	35.20	36.64	2.81	17.00	3.00	6.00	184.00	5.70	0.00
9	39.91	12.56	0.02	68.00	33.00	28.00	29.50	35.80	35.81	4.10	17.00	4.00	6.00	174.00	4.78	0.00
9	39.04	10.75	0.03	71.00	33.05	28.35	29.76	36.60	35.36	3.68	18.00	4.00	6.00	186.00	5.58	0.00
9	40.12	9.52	0.03	71.00	33.05	28.50	29.87	36.20	36.68	3.44	16.00	4.00	7.00	182.00	6.30	0.00
9	39.65	9.85	0.03	72.50	32.90	28.80	30.03	37.40	36.20	3.45	19.00	4.00	7.00	141.00	6.09	0.00
9	40.38	10.82	0.03	72.50	33.05	28.50	29.87	35.20	36.49	3.89	16.00	2.00	6.00	188.00	5.54	0.00
9	39.56	10.52	0.03	71.00	33.15	28.65	30.00	35.20	36.94	2.62	19.00	4.00	7.00	188.00	5.70	0.00
9	38.76	9.71	0.03	70.00	33.00	28.50	29.85	35.20	34.73	4.03	19.00	4.00	7.00	133.00	6.18	0.00
9	38.91	9.91	0.03	73.00	33.00	29.00	30.20	35.20	35.33	3.58	17.00	3.00	7.00	162.00	6.06	0.00
9	38.98	8.24	0.03	71.00	33.10	28.60	29.95	35.40	33.18	5.80	14.00	3.00	5.00	149.00	7.28	0.00
9	40.25	12.80	0.03	71.00	32.95	28.40	29.77	35.80	34.18	6.07	11.00	3.00	6.00	173.00	4.69	0.00
9	39.19	11.61	0.03	71.00	33.00	28.55	29.89	35.80	35.97	3.22	16.00	3.00	6.00	194.00	5.17	0.00
9	39.61	11.66	0.03	71.00	32.80	28.45	29.76	35.60	35.96	3.65	18.00	4.00	6.00	175.00	5.14	0.00
9	39.79	10.69	0.03	69.50	33.30	27.95	29.56	36.00	34.98	4.81	17.00	3.00	6.00	189.00	5.61	0.00
9	40.30	10.00	0.03	71.00	33.15	28.60	29.97	36.40	36.76	3.54	16.00	4.00	7.00	178.00	6.00	0.00
9	39.91	10.51	0.03	70.00	32.95	28.35	29.73	37.20	36.58	3.33	19.00	4.00	7.00	179.00	5.71	0.00
9	39.08	8.77	0.02	62.00	32.90	27.10	28.84	32.40	30.16	8.92	18.00	4.00	7.00	186.00	6.84	5.70
9	39.08	12.42	0.02	50.00	33.50	24.90	27.48	33.20	30.63	8.45	14.00	3.00	6.00	164.00	4.83	5.10
9	39.02	14.45	0.02	55.00	32.80	25.50	27.69	33.00	30.22	8.80	19.00	3.00	6.00	178.00	4.15	5.20
9	39.36	11.29	0.02	52.00	32.80	25.20	27.48	32.60	30.29	9.07	17.00	4.00	6.00	192.00	5.31	6.10
9	38.96	10.75	0.02	55.00	33.00	25.70	27.89	34.00	31.37	7.59	15.00	2.00	6.00	178.00	5.58	6.90
9	39.61	10.03	0.02	55.00	32.90	25.40	27.65	33.20	31.13	8.48	19.00	7.00	4.00	181.00	5.98	5.80
9	39.55	13.78	0.02	57.00	33.20	25.80	28.02	32.60	29.62	9.93	18.00	3.00	6.00	185.00	4.35	6.80
9	39.62	11.33	0.02	60.00	33.00	26.50	28.45	32.20	30.11	9.51	19.00	4.00	5.83	193.00	5.30	5.40
9	39.20	10.19	0.02	55.00	33.00	25.70	27.89	33.40	30.83	8.37	15.00	3.00	5.85	173.00	5.89	8.30
9	39.07	9.47	0.02	55.00	33.00	25.40	27.68	33.60	31.42	7.65	17.00	3.00	6.00	172.00	6.34	5.70
9	39.21	12.58	0.02	50.00	33.10	24.60	27.15	33.60	30.96	8.25	12.00	3.00	7.00	177.00	4.77	5.90
9	40.08	8.35	0.02	55.00	32.20	25.50	27.51	32.10	30.87	9.21	19.00	4.00	7.00	190.00	7.19	6.10
9	39.09	13.56	0.02	55.00	33.00	25.60	27.82	32.60	30.29	8.80	17.00	3.00	6.00	172.00	4.43	6.30
9	38.57	14.05	0.02	57.00	33.20	26.70	28.65	34.40	32.31	6.26	17.88	3.50	6.50	155.00	4.27	6.30
9	39.61	14.03	0.02	57.00	33.20	26.10	28.23	33.60	30.66	8.95	20.00	4.00	7.00	155.00	4.28	5.70
9	39.33	9.88	0.02	57.00	32.60	25.60	27.70	31.60	29.98	9.35	19.00	4.00	6.58	173.00	6.08	5.60
9	39.59	11.44	0.02	55.00	33.20	25.50	27.81	33.60	30.21	9.38	20.00	4.00	6.58	160.00	5.24	6.20
9	38.89	9.95	0.02	55.00	33.20	25.70	27.95	31.60	28.99	9.90	19.00	3.00	3.00	170.00	6.03	6.70
9	38.18	11.46	0.02	55.00	32.95	23.60	26.41	36.20	35.78	2.40	16.00	3.00	3.00	161.00	5.24	4.68
9	38.57	12.00	0.02	55.00	33.05	24.25	26.89	35.40	34.24	4.33	14.00	1.00	2.00	169.00	5.00	4.68
9	38.79	12.00	0.02	55.00	32.70	23.30	26.12	35.20	35.87	2.92	17.00	5.00	6.00	173.00	5.00	5.04
9	38.31	12.90	0.02	55.00	33.00	23.20	26.14	32.60	33.01	5.30	17.00	5.00	7.00	158.00	4.65	5.40
9	38.88	10.91	0.02	55.00	33.15	24.70	27.24	34.20	34.03	4.85	17.00	1.00	4.00	168.00	5.50	5.22
9	39.50	10.32	0.02	55.00	33.20	24.10	26.83	35.60	35.75	3.75	18.00	6.00	7.00	163.00	5.81	5.04
9	39.61	15.19	0.02	55.00	33.05	23.50	26.37	34.20	34.71	4.90	15.00	4.00	4.00	178.00	3.95	4.86
9	39.38	13.90	0.02	55.00	33.20	23.10	26.13	35.60	35.91	3.47	19.00	5.00	6.00	168.00	4.32	4.86
9	39.19	11.25	0.02	55.00	33.00	23.85	26.60	35.20	35.41	3.78	14.00	0.00	4.00	185.00	5.33	4.32
9	38.89	11.29	0.02	55.00	33.30	25.65	27.95	34.80	35.43	3.46	17.00	3.00	4.00	159.00	5.31	5.04
9	38.52	12.46	0.02	55.00	33.10	25.50	27.78	34.90	34.68	3.84	16.00	1.00	3.00	171.00	4.82	5.04
9	39.43	13.14	0.02	55.00	32.50	25.15	27.36	35.60	36.27	3.16	16.00	5.00	6.00	179.00	4.57	5.04
9	38.44	13.33	0.02	55.00	33.20	26.20	28.30	33.00	33.80	4.64	17.00	5.00	6.00	155.00	4.50	5.04
9	39.50	9.23	0.02	55.00	32.80	26.20	28.18	35.60	35.75	3.75	17.00	3.00	5.00	175.00	6.50	4.68
9	38.59	10.00	0.02	55.00	32.75	25.90	27.96	35.20	35.45	3.14	19.00	6.00	7.00	173.00	6.00	5.04
9	38.92	14.40	0.02	55.00	33.35	26.60	28.63	35.20	35.40	3.52	16.00	5.00	7.00	182.00	4.17	4.68
9	39.75	12.90	0.02	55.00	32.80	25.20	27.48	34.80	35.78	3.97	18.00	5.00	7.00	166.00	4.65	5.40
9	38.95	11.15	0.02	55.00	32.90	25.60	27.79	34.80	34.79	4.16	14.00	2.00	2.00	181.00	5.38	5.40
9	38.88	9.78	0.02	55.00	32.80	29.45	30.46	36.00	36.39	2.49	18.00	6.00	7.00	160.00	6.13	4.68
9	39.19	11.65	0.02	55.00	32.85	29.75	30.68	35.40	35.71	3.48	16.00	2.00	4.00	174.00	5.15	6.66
9	39.81	10.34	0.02	55.00	32.85	29.25	30.33	36.60	37.27	2.54	19.00	6.00	8.00	182.00	5.80	4.14
9	39.40	12.00	0.02	55.00	32.95	29.85	30.78	35.20	35.69	3.71	18.00	6.00	8.00	173.00	5.00	4.14
9	39.56	8.07	0.02	55.00	33.25	29.95	30.94	36.20	36.48	3.08	18.00	5.00	7.00	159.00	7.43	5.04
9	39.79	8.05	0.02	55.00	33.35	29.90	30.94	37.40	37.12	2.67	19.00	6.00	8.00	182.00	7.45	5.04
9	39.72	12.08	0.02	55.00	33.00	29.55	30.59	36.80	36.58	3.14	17.00	6.00	8.00	186.00	4.97	5.22
9	40.14	9.60	0.02	55.00	32.70	29.05	30.15	36.20	36.88	3.26	20.00	6.00	8.00	167.00	6.25	4.50
9	38.99	7.86	0.02	55.00	32.95	29.85	30.78	35.80	36.37	2.62	15.00	2.00	3.00	181.00	7.63	5.40
9	39.41	9.57	0.02	65.00	32.80	27.30	28.95	34.60	35.18	4.23	18.00	4.00	0.00	180.00	6.27	5.70
9	38.89	13.71	0.02	63.00	33.70	27.70	29.50	35.80	35.76	3.13	18.00	4.00	0.00	174.00	4.38	5.00
9	38.97	9.90	0.02	60.00	33.00	27.00	28.80	36.60	36.86	2.11	19.00	4.00	0.00	195.00	6.06	5.60
9	40.08	15.00	0.02	63.00	33.00	27.00	28.80	36.60	36.36	3.72	19.00	4.00	0.00	186.00	4.00	5.50
9	38.96	11.13	0.02	66.00	32.90	27.40	29.05	36.60	36.15	2.81	19.00	4.00	0.00	162.00	5.39	6.10
9	39.38	12.42	0.02	63.00	32.90	26.90	28.70	34.60	35.40	3.98	14.00	1.00	0.00	180.00	4.83	5.80
9	39.20	11.68	0.02	63.00	33.00	27.00	28.80	35.60	35.79	3.41	18.00	4.00	0.00	181.00	5.14	5.80
9	39.69	9.29	0.02	63.00	33.00	27.00	28.80	35.40	35.71	3.98	15.00	2.00	0.00	177.00	6.46	5.90
8	40.26	10.03	0.02	68.00	33.00	28.00	29.50	33.60	36.33	3.93	15.00	2.00	5.00	193.00	5.98	0.00
8	38.89	9.75	0.03	71.00	33.00	28.90	30.13	33.40	34.77	4.12	15.00	3.00	7.00	169.00	6.15	0.00
8	38.58	9.26	0.03	73.00	33.00	29.00	30.20	33.40	35.65	2.93	18.00	4.00	7.00	154.00	6.48	0.00
8	39.06	10.05	0.03	73.00	33.00	29.00	30.20	33.60	35.98	3.08	15.00	3.00	6.00	156.00	5.97	0.00
8	39.05	10.20	0.03	74.00	33.30	29.00	30.29	33.60	34.41	4.64	15.00	3.00	5.00	167.00	5.88	0.00
8	39.44	11.36	0.03	71.00	32.90	28.50	29.82	33.80	32.42	7.02	11.00	3.00	6.00	171.00	5.28	0.00
8	39.08	10.34	0.02	68.00	32.90	28.20	29.61	34.20	36.52	2.56	16.00	3.00	6.00	174.00	5.80	0.00
8	39.53	12.59	0.02	68.00	33.00	28.00	29.50	34.80	35.29	4.24	15.00	3.00	7.00	186.00	4.76	0.00
8	38.80	10.69	0.03	71.00	33.00	28.30	29.71	35.20	35.01	3.79	16.00	3.00	6.00	180.00	5.61	0.00
8	39.86	9.52	0.03	71.00	33.10	28.50	29.88	35.20	36.60	3.26	15.00	3.00	7.00	181.00	6.30	0.00
8	39.40	10.02	0.03	71.00	32.70	28.60	29.83	36.00	35.74	3.66	18.00	4.00	7.00	160.00	5.99	0.00
8	40.36	10.98	0.03	74.00	33.20	29.00	30.26	33.40	35.76	4.60	16.00	2.00	5.00	190.00	5.47	0.00
8	39.54	10.47	0.03	71.00	33.20	28.70	30.05	33.20	36.92	2.62	17.00	4.00	7.00	183.00	5.73	0.00
8	38.76	9.93	0.03	73.00	33.00	29.00	30.20	33.80	34.81	3.95	18.00	4.00	7.00	147.00	6.04	0.00
8	38.65	9.85	0.03	73.00	33.00	29.00	30.20	33.80	35.93	2.72	16.00	3.00	6.00	157.00	6.09	0.00
8	38.91	8.13	0.03	71.00	33.10	28.60	29.95	33.60	32.54	6.37	13.00	3.00	5.00	144.00	7.38	0.00
8	40.08	12.80	0.03	71.00	33.10	28.60	29.95	34.20	33.43	6.65	11.00	3.00	6.00	174.00	4.69	0.00
8	39.10	11.51	0.03	71.00	32.90	28.50	29.82	34.20	36.27	2.83	15.00	3.00	6.00	184.00	5.21	0.00
8	39.32	12.34	0.03	71.00	33.30	28.30	29.80	34.20	35.38	3.94	17.00	4.00	7.00	153.00	4.86	0.00
8	39.50	10.64	0.03	68.00	33.20	27.90	29.49	34.80	34.74	4.76	16.00	3.00	6.00	188.00	5.64	0.00
8	40.06	10.21	0.03	71.00	33.20	28.70	30.05	34.80	36.42	3.64	15.00	4.00	7.00	179.00	5.88	0.00
8	39.63	10.55	0.02	68.00	32.90	28.00	29.47	35.20	35.66	3.97	17.00	4.00	7.00	180.00	5.69	0.00
8	38.88	8.65	0.02	60.00	33.90	27.50	29.42	32.20	30.07	8.81	18.00	4.00	7.00	178.00	6.93	6.10
8	38.94	12.31	0.02	50.00	33.10	24.70	27.22	32.60	30.18	8.76	14.00	3.00	6.00	162.00	4.88	5.50
8	38.83	14.47	0.02	55.00	33.50	26.00	28.25	32.80	30.23	8.60	17.00	3.00	6.00	177.00	4.15	5.70
8	39.04	11.21	0.02	52.00	32.90	25.40	27.65	32.40	30.35	8.69	17.00	4.00	6.00	188.00	5.35	6.10
8	38.90	10.81	0.02	57.00	33.20	25.80	28.02	34.20	31.50	7.40	13.00	3.00	5.00	178.00	5.55	6.20
8	39.46	10.00	0.02	55.00	33.00	25.40	27.68	33.00	30.43	9.03	19.00	7.00	4.00	175.00	6.00	6.30
8	39.40	13.72	0.02	54.00	32.60	25.10	27.35	32.00	29.31	10.09	17.00	3.00	6.00	182.00	4.37	6.40
8	39.29	11.28	0.02	60.00	33.60	27.00	28.98	32.60	30.33	8.96	19.00	4.00	5.67	192.00	5.32	5.80
8	39.03	10.21	0.02	55.00	32.80	25.70	27.83	33.00	30.66	8.37	15.00	3.00	5.71	179.00	5.88	8.50
8	38.89	9.57	0.02	52.00	33.10	25.20	27.57	33.40	31.40	7.49	17.00	4.00	7.00	170.00	6.27	5.90
8	39.00	12.63	0.02	55.00	33.00	25.20	27.54	34.00	31.38	7.62	12.00	3.00	7.00	177.00	4.75	6.10
8	40.04	8.54	0.02	55.00	33.00	25.30	27.61	33.30	31.59	8.45	19.00	4.00	7.00	182.00	7.03	6.70
8	38.92	13.50	0.02	55.00	32.90	25.50	27.72	32.20	30.11	8.81	17.00	3.00	6.00	168.00	4.45	6.30
8	38.37	14.19	0.02	57.00	33.40	26.50	28.57	34.20	32.17	6.20	17.38	3.63	6.75	166.00	4.23	5.20
8	39.44	14.19	0.02	55.00	32.80	25.60	27.76	33.40	30.33	9.11	20.00	4.00	7.00	158.00	4.23	5.90
8	39.23	10.02	0.02	50.00	33.30	25.00	27.49	31.60	30.16	9.07	17.00	4.00	6.79	181.00	5.99	6.00
8	39.38	11.36	0.02	55.00	33.00	25.30	27.61	34.20	29.67	9.71	20.00	4.00	6.79	174.00	5.28	6.40
8	38.75	9.89	0.02	55.00	33.00	25.70	27.89	31.60	28.99	9.76	17.00	3.00	3.00	166.00	6.07	6.60
8	37.99	11.18	0.02	45.00	32.90	23.50	26.32	34.80	35.38	2.61	15.00	1.00	3.00	156.00	5.37	4.68
8	38.31	12.04	0.02	47.00	33.00	24.00	26.70	34.40	34.60	3.71	14.00	1.00	2.00	160.00	4.98	4.68
8	38.34	12.00	0.02	45.00	33.00	23.40	26.28	35.60	36.16	2.18	16.00	4.00	5.00	170.00	5.00	5.04
8	38.22	13.33	0.02	42.00	33.00	23.00	26.00	32.40	33.43	4.79	17.00	5.00	7.00	150.00	4.50	5.04
8	38.74	10.91	0.02	50.00	33.10	24.60	27.15	33.60	33.96	4.78	16.00	2.00	4.00	168.00	5.50	5.04
8	39.34	10.29	0.02	45.00	33.20	24.00	26.76	36.00	35.97	3.37	17.00	6.00	7.00	160.00	5.83	5.04
8	38.85	14.88	0.02	42.00	33.00	23.30	26.21	33.80	34.48	4.37	15.00	3.00	3.00	174.00	4.03	4.68
8	39.16	13.90	0.01	40.00	33.20	22.90	25.99	34.80	35.58	3.58	18.00	4.00	6.00	166.00	4.32	5.04
8	38.99	11.29	0.02	47.00	32.90	23.80	26.53	35.60	35.42	3.57	13.00	0.00	4.00	179.00	5.31	4.68
8	38.75	10.62	0.02	55.00	33.20	25.80	28.02	34.80	35.32	3.43	16.00	2.00	4.00	148.00	5.65	5.04
8	38.29	12.41	0.02	55.00	33.00	25.40	27.68	34.90	34.77	3.52	15.00	1.00	2.00	165.00	4.83	5.04
8	39.15	12.59	0.02	54.00	32.40	24.90	27.15	34.60	35.22	3.93	15.00	4.00	6.00	173.00	4.77	5.04
8	38.06	12.86	0.02	57.00	33.10	26.00	28.13	32.40	33.35	4.71	15.00	4.00	6.00	148.00	4.67	5.04
8	39.34	10.00	0.02	60.00	32.60	26.20	28.12	36.00	35.97	3.37	17.00	3.00	5.00	181.00	6.00	4.68
8	38.50	9.00	0.02	57.00	32.80	25.90	27.97	35.60	35.74	2.76	18.00	6.00	7.00	175.00	6.67	5.04
8	38.63	14.40	0.02	57.00	33.30	26.50	28.54	34.80	34.99	3.64	15.00	5.00	7.00	179.00	4.17	4.68
8	39.56	13.28	0.02	55.00	32.80	25.10	27.41	34.80	35.71	3.85	18.00	5.00	6.00	167.00	4.52	5.40
8	38.78	10.91	0.02	55.00	32.90	25.60	27.79	34.80	34.59	4.19	13.00	2.00	2.00	180.00	5.50	5.40
8	38.66	10.29	0.03	77.00	32.40	28.90	29.95	35.40	35.78	2.88	17.00	6.00	7.00	155.00	5.83	4.68
8	38.94	11.61	0.03	80.00	33.10	30.00	30.93	36.30	36.06	2.88	15.00	2.00	3.00	172.00	5.17	6.12
8	39.75	12.00	0.03	77.00	32.90	29.30	30.38	36.60	37.07	2.68	17.00	5.00	7.00	184.00	5.00	4.32
8	39.14	11.61	0.03	80.00	32.90	29.80	30.73	35.60	35.73	3.41	17.00	6.00	8.00	167.00	5.17	4.32
8	39.44	8.02	0.03	80.00	33.40	30.20	31.16	36.20	36.46	2.98	17.00	5.00	7.00	159.00	7.48	5.04
8	39.58	9.14	0.03	77.00	33.70	30.40	31.39	37.40	37.50	2.08	20.00	6.00	8.00	185.00	6.56	5.04
8	39.19	12.86	0.03	77.00	33.00	29.50	30.55	36.20	36.29	2.90	16.00	6.00	8.00	178.00	4.67	5.40
8	39.86	10.17	0.03	77.00	32.70	29.00	30.11	36.20	36.52	3.34	20.00	6.00	8.00	165.00	5.90	4.68
8	38.89	10.03	0.03	80.00	33.10	29.90	30.86	36.40	36.81	2.08	15.00	2.00	3.00	184.00	5.98	5.40
8	39.28	9.76	0.02	65.00	32.80	27.30	28.95	34.20	35.19	4.09	17.00	3.00	0.00	183.00	6.15	5.80
8	38.71	13.73	0.02	66.00	33.60	28.10	30.10	36.00	35.91	2.80	17.00	4.00	0.00	172.00	4.37	5.80
8	38.75	9.80	0.02	63.00	32.90	26.90	28.35	36.00	36.19	2.56	18.00	4.00	0.00	189.00	6.13	5.90
8	39.78	14.88	0.02	63.00	33.00	27.00	28.80	37.40	36.89	2.89	19.00	4.00	0.00	187.00	4.03	5.40
8	38.74	11.31	0.02	66.00	32.90	27.40	29.05	36.20	35.88	2.86	19.00	4.00	0.00	173.00	5.31	6.30
8	39.18	12.34	0.02	63.00	32.90	26.90	28.70	33.80	34.89	4.29	12.00	1.00	0.00	180.00	4.86	5.80
8	38.92	11.83	0.02	63.00	32.90	26.90	28.70	34.60	35.09	3.83	17.00	3.00	0.00	178.00	5.07	6.20
8	39.43	9.31	0.02	63.00	32.90	26.90	28.70	35.60	35.52	3.91	13.00	2.00	0.00	174.00	6.44	6.10
7	39.93	10.14	0.03	69.50	33.00	28.25	29.68	35.80	36.03	3.90	13.00	2.00	5.00	194.00	5.92	0.00
7	38.59	9.73	0.03	71.00	33.00	28.70	29.99	34.20	35.04	3.55	15.00	3.00	7.00	169.00	6.17	0.00
7	38.42	9.22	0.03	72.50	33.00	29.00	30.20	35.20	35.36	3.06	17.00	4.00	7.00	144.00	6.51	0.00
7	38.72	10.04	0.03	73.00	33.00	29.00	30.20	34.60	36.08	2.64	15.00	3.00	6.00	149.00	5.98	0.00
7	38.68	10.16	0.03	74.00	33.20	29.00	30.26	34.80	34.24	4.44	15.00	3.00	5.00	168.00	5.91	0.00
7	39.06	11.03	0.03	71.00	32.90	28.50	29.82	35.40	33.05	6.01	13.00	1.00	6.00	168.00	5.44	0.00
7	38.78	10.18	0.03	69.50	32.95	28.35	29.73	35.80	36.11	2.67	16.00	3.00	6.00	173.00	5.89	0.00
7	39.06	12.79	0.03	71.00	33.05	28.50	29.87	35.80	35.69	3.37	15.00	3.00	6.00	166.00	4.69	0.00
7	38.54	10.67	0.03	71.00	33.05	28.35	29.76	35.40	34.96	3.58	16.00	3.00	6.00	176.00	5.62	0.00
7	39.60	9.55	0.03	71.00	33.10	28.50	29.88	35.40	36.21	3.39	14.00	3.00	6.00	179.00	6.29	0.00
7	39.12	10.24	0.03	71.00	32.80	28.45	29.76	36.20	35.61	3.51	18.00	4.00	7.00	164.00	5.86	0.00
7	40.12	11.14	0.03	72.50	33.15	28.70	30.04	34.80	36.10	4.02	14.00	2.00	5.00	183.00	5.39	0.00
7	39.20	10.59	0.03	71.00	33.10	28.60	29.95	34.00	36.18	3.02	17.00	4.00	7.00	179.00	5.67	0.00
7	38.67	10.20	0.03	70.00	33.00	28.50	29.85	34.20	35.11	3.56	18.00	4.00	7.00	141.00	5.88	0.00
7	38.39	9.78	0.03	70.00	33.00	28.50	29.85	34.80	35.97	2.42	15.00	3.00	6.00	151.00	6.14	0.00
7	38.74	8.05	0.03	71.00	33.15	28.55	29.93	35.20	32.99	5.75	13.00	3.00	5.00	138.00	7.45	0.00
7	40.08	12.50	0.03	71.00	33.10	28.60	29.95	35.00	34.31	5.77	13.00	1.00	6.00	185.00	4.80	0.00
7	38.97	11.48	0.03	71.00	33.00	28.50	29.85	35.00	35.56	3.41	15.00	3.00	6.00	184.00	5.23	0.00
7	38.95	12.27	0.03	71.00	33.15	28.45	29.86	34.40	35.04	3.91	16.00	3.00	6.00	178.00	4.89	0.00
7	39.15	10.57	0.02	68.00	33.10	27.85	29.43	34.20	34.43	4.72	15.00	3.00	6.00	183.00	5.68	0.00
7	39.75	10.25	0.03	71.00	33.05	28.60	29.94	35.60	36.12	3.63	14.00	3.00	6.00	179.00	5.85	0.00
7	39.39	10.50	0.03	69.50	33.10	28.25	29.71	36.20	35.98	3.41	17.00	4.00	7.00	176.00	5.71	0.00
7	38.71	8.53	0.02	60.00	33.70	27.30	29.22	32.40	30.01	8.70	16.00	4.00	6.00	174.00	7.03	6.20
7	38.80	12.35	0.02	52.00	33.30	25.20	27.63	32.60	30.23	8.57	14.00	3.00	6.00	160.00	4.86	5.80
7	38.61	14.48	0.02	55.00	32.90	25.60	27.79	32.80	30.28	8.33	17.00	3.00	6.00	174.00	4.14	6.80
7	38.70	11.07	0.02	55.00	33.90	26.60	28.79	32.40	30.21	8.49	15.00	3.00	5.00	187.00	5.42	6.10
7	38.69	10.86	0.02	57.00	32.50	25.50	27.60	34.20	31.50	7.19	15.00	2.00	5.00	174.00	5.52	6.50
7	39.28	10.12	0.02	55.00	33.10	25.40	27.71	33.40	30.78	8.50	19.00	7.00	4.00	175.00	5.93	6.30
7	39.05	14.00	0.02	52.00	33.40	25.50	27.87	32.20	29.64	9.41	16.00	3.00	6.00	184.00	4.29	6.70
7	39.06	11.23	0.02	57.00	33.40	26.50	28.57	32.60	30.13	8.93	17.00	4.00	5.33	186.00	5.34	6.50
7	38.81	10.16	0.02	55.00	33.00	25.70	27.89	32.60	30.54	8.27	13.00	3.00	5.42	179.00	5.90	8.60
7	38.77	9.63	0.02	52.00	33.10	24.80	27.29	33.40	31.31	7.46	16.00	4.00	7.00	168.00	6.23	5.80
7	38.79	12.46	0.02	55.00	33.10	25.50	27.78	34.40	31.65	7.14	13.00	3.00	6.00	175.00	4.81	6.10
7	40.00	8.83	0.02	52.00	33.00	25.10	27.47	32.80	31.19	8.81	19.00	4.00	7.00	165.00	6.80	5.30
7	38.78	13.56	0.02	55.00	33.00	25.40	27.68	32.20	30.09	8.69	17.00	3.00	5.00	165.00	4.43	5.70
7	38.03	14.18	0.02	57.00	33.60	25.20	27.72	33.80	32.00	6.03	17.13	3.63	6.25	166.00	4.23	5.80
7	38.97	14.24	0.02	55.00	33.30	26.00	28.19	33.20	30.50	8.47	19.00	4.00	7.00	159.00	4.21	5.80
7	39.07	10.02	0.02	55.00	33.40	25.60	27.94	32.40	30.75	8.32	17.00	4.00	6.38	182.00	5.99	5.40
7	39.13	11.35	0.02	52.00	33.20	25.00	27.46	33.20	29.65	9.48	19.00	4.00	6.38	175.00	5.29	6.70
7	38.57	9.89	0.02	57.00	33.00	26.00	28.10	32.40	29.39	9.18	17.00	3.00	3.00	164.00	6.06	5.30
7	37.89	10.94	0.02	57.00	32.90	23.30	26.18	34.80	35.32	2.57	15.00	1.00	2.00	151.00	5.48	5.22
7	38.10	12.00	0.02	57.00	32.95	23.70	26.48	34.60	34.24	3.86	14.00	1.00	2.00	158.00	5.00	4.68
7	37.97	12.46	0.02	57.00	33.15	23.15	26.15	35.40	35.86	2.11	15.00	3.00	4.00	166.00	4.82	5.04
7	37.81	13.43	0.02	57.00	32.95	22.70	25.78	32.20	33.37	4.44	16.00	5.00	7.00	145.00	4.47	4.50
7	38.59	10.59	0.02	57.00	33.05	24.20	26.86	34.00	33.88	4.71	14.00	2.00	4.00	166.00	5.67	5.04
7	39.16	10.94	0.02	57.00	33.15	23.65	26.50	35.60	35.74	3.42	16.00	5.00	7.00	167.00	5.48	4.50
7	38.51	15.00	0.02	57.00	33.05	23.00	26.02	33.80	34.48	4.03	13.00	3.00	3.00	172.00	4.00	4.68
7	38.91	13.33	0.02	57.00	33.10	22.55	25.72	34.40	35.55	3.36	17.00	4.00	5.00	161.00	4.50	5.04
7	38.77	10.59	0.02	57.00	32.95	23.55	26.37	34.60	35.11	3.66	13.00	0.00	2.00	174.00	5.67	4.68
7	38.61	10.75	0.02	57.00	33.20	25.75	27.99	34.80	35.32	3.29	15.00	2.00	3.00	146.00	5.58	5.04
7	38.03	12.41	0.02	57.00	32.95	25.25	27.56	34.90	34.56	3.47	15.00	1.00	2.00	160.00	4.83	4.50
7	39.09	13.74	0.02	57.00	32.50	25.15	27.36	35.40	35.86	3.23	15.00	4.00	6.00	175.00	4.37	5.04
7	37.96	13.33	0.02	57.00	33.10	25.95	28.10	33.20	33.95	4.01	14.00	4.00	5.00	148.00	4.50	3.96
7	39.16	9.76	0.02	57.00	32.90	26.50	28.42	35.60	35.74	3.42	15.00	3.00	4.00	174.00	6.15	4.68
7	38.39	10.56	0.02	57.00	33.05	26.20	28.26	35.60	35.74	2.65	19.00	6.00	7.00	178.00	5.68	5.04
7	38.24	14.46	0.02	57.00	33.25	26.35	28.42	35.00	35.16	3.08	14.00	6.00	6.00	175.00	4.15	5.22
7	39.33	13.79	0.02	57.00	32.80	25.05	27.38	34.40	35.13	4.20	17.00	5.00	6.00	157.00	4.35	5.40
7	38.53	10.71	0.02	57.00	33.10	25.85	28.03	34.60	34.81	3.72	12.00	0.00	2.00	178.00	5.60	4.86
7	38.36	10.59	0.02	57.00	32.85	29.40	30.44	35.40	35.69	2.67	17.00	6.00	6.00	157.00	5.67	4.68
7	38.72	11.08	0.02	57.00	32.80	29.50	30.49	36.00	35.33	3.39	14.00	1.00	3.00	166.00	5.42	4.50
7	38.91	12.46	0.02	57.00	33.10	29.50	30.58	36.40	36.91	2.00	16.00	4.00	6.00	181.00	4.82	4.86
7	38.85	11.65	0.02	57.00	32.55	29.55	30.45	34.40	34.74	4.11	16.00	6.00	7.00	161.00	5.15	4.86
7	39.28	8.45	0.02	57.00	33.40	30.05	31.06	36.20	36.25	3.03	15.00	5.00	7.00	160.00	7.10	4.50
7	39.37	7.32	0.02	57.00	33.35	29.90	30.94	37.40	37.27	2.10	17.00	6.00	7.00	170.00	8.20	5.58
7	38.94	13.04	0.02	57.00	33.20	29.75	30.79	36.40	36.24	2.70	15.00	6.00	8.00	172.00	4.60	5.40
7	39.57	13.32	0.02	57.00	32.75	29.05	30.16	36.20	36.30	3.27	20.00	6.00	8.00	165.00	4.50	4.68
7	38.73	8.35	0.02	57.00	33.15	29.90	30.88	36.40	36.50	2.23	14.00	0.00	3.00	180.00	7.19	4.32
7	39.15	9.66	0.02	65.00	32.80	27.30	28.95	34.20	34.86	4.29	15.00	3.00	0.00	177.00	6.21	6.00
7	38.43	13.79	0.03	68.00	33.90	28.90	30.05	36.00	35.99	2.44	17.00	4.00	0.00	171.00	4.35	6.10
7	38.50	9.95	0.02	63.00	32.80	26.80	28.60	35.40	35.78	2.72	16.00	4.00	0.00	184.00	6.03	6.00
7	39.47	14.87	0.02	65.00	32.90	27.40	29.05	36.60	36.18	3.29	19.00	4.00	0.00	185.00	4.04	5.60
7	38.44	11.67	0.02	66.00	33.00	27.50	29.15	35.80	35.77	2.67	18.00	4.00	0.00	171.00	5.14	6.10
7	38.96	12.32	0.02	63.00	32.90	26.90	28.70	33.80	34.71	4.25	10.00	1.00	0.00	177.00	4.87	6.10
7	38.63	12.16	0.02	63.00	32.90	26.90	28.70	35.60	35.46	3.17	16.00	3.00	0.00	178.00	4.93	5.80
7	39.18	9.33	0.02	63.00	32.90	26.90	28.70	34.80	34.92	4.25	13.00	2.00	0.00	174.00	6.43	5.90
6	39.59	10.09	0.03	71.00	33.00	28.50	29.85	35.20	35.93	3.66	12.00	1.00	5.00	192.00	5.94	0.00
6	38.35	9.67	0.03	71.00	33.00	28.50	29.85	34.00	34.67	3.68	14.00	3.00	6.00	164.00	6.21	0.00
6	38.12	9.28	0.03	72.00	33.00	29.00	30.20	35.80	35.43	2.69	17.00	4.00	7.00	137.00	6.46	0.00
6	38.36	10.00	0.03	73.00	33.00	29.00	30.20	35.60	35.23	3.13	14.00	3.00	6.00	148.00	6.00	0.00
6	38.40	10.02	0.03	74.00	33.10	29.00	30.23	35.20	34.11	4.29	13.00	3.00	5.00	163.00	5.99	0.00
6	38.75	10.85	0.03	71.00	32.90	28.50	29.82	35.80	32.99	5.76	13.00	2.00	6.00	156.00	5.53	0.00
6	38.46	9.99	0.03	71.00	33.00	28.50	29.85	36.00	35.81	2.65	13.00	3.00	6.00	167.00	6.01	0.00
6	38.58	13.27	0.03	74.00	33.10	29.00	30.23	36.20	35.44	3.14	14.00	2.00	6.00	176.00	4.52	0.00
6	38.32	10.66	0.03	71.00	33.10	28.40	29.81	36.60	34.51	3.81	15.00	3.00	5.00	173.00	5.63	0.00
6	39.31	9.57	0.03	71.00	33.10	28.50	29.88	36.80	35.95	3.36	14.00	3.00	6.00	176.00	6.27	0.00
6	38.75	10.27	0.03	71.00	32.90	28.30	29.68	37.20	35.94	2.81	16.00	4.00	7.00	161.00	5.84	0.00
6	39.90	11.25	0.03	71.00	33.10	28.40	29.81	36.20	35.76	4.14	13.00	1.00	5.00	186.00	5.33	0.00
6	38.84	10.59	0.03	71.00	33.00	28.50	29.85	35.00	36.06	2.78	15.00	4.00	6.00	173.00	5.67	0.00
6	38.49	10.58	0.02	67.00	33.00	28.00	29.50	35.20	35.11	3.38	18.00	4.00	7.00	139.00	5.67	0.00
6	38.18	9.73	0.02	67.00	33.00	28.00	29.50	34.80	35.52	2.66	14.00	3.00	6.00	151.00	6.17	0.00
6	38.60	7.99	0.03	71.00	33.20	28.50	29.91	35.80	32.81	5.79	12.00	3.00	5.00	137.00	7.51	0.00
6	39.07	12.31	0.03	71.00	33.10	28.60	29.95	35.40	33.56	5.51	13.00	2.00	6.00	177.00	4.88	0.00
6	38.52	11.35	0.03	71.00	33.10	28.50	29.88	35.80	35.54	2.98	12.00	3.00	6.00	181.00	5.29	0.00
6	38.25	12.72	0.03	71.00	33.00	28.60	29.92	35.00	35.54	2.71	14.00	4.00	6.00	182.00	4.72	0.00
6	38.78	10.48	0.02	68.00	33.00	27.80	29.36	36.40	34.12	4.66	14.00	2.00	5.00	179.00	5.73	0.00
6	39.44	10.36	0.03	71.00	32.90	28.50	29.82	36.40	36.09	3.35	13.00	3.00	6.00	176.00	5.79	0.00
6	38.91	10.53	0.03	71.00	33.30	28.50	29.94	37.20	35.71	3.20	16.00	4.00	7.00	176.00	5.70	0.00
6	38.55	8.41	0.02	60.00	33.80	27.40	29.32	32.60	30.19	8.36	15.00	3.00	6.00	167.00	7.13	4.90
6	38.67	12.09	0.02	52.00	33.00	25.20	27.54	33.00	30.54	8.13	13.00	3.00	5.00	155.00	4.96	5.70
6	38.34	14.48	0.02	55.00	33.20	25.60	27.88	33.40	30.97	7.37	17.00	3.00	6.00	170.00	4.14	6.60
6	38.42	10.96	0.02	55.00	33.90	26.10	28.44	31.80	29.51	8.91	15.00	3.00	6.00	185.00	5.47	5.70
6	38.47	10.84	0.02	57.00	32.90	26.00	28.07	34.20	31.40	7.07	13.00	3.00	6.00	179.00	5.54	6.20
6	39.05	10.16	0.02	55.00	33.10	25.60	27.85	33.80	31.34	7.71	17.00	7.00	4.00	177.00	5.90	5.70
6	38.78	13.89	0.02	57.00	33.00	26.00	28.10	32.80	29.94	8.84	15.00	3.00	6.00	182.00	4.32	6.10
6	38.92	10.99	0.02	57.00	33.40	26.50	28.57	32.40	29.81	9.11	17.00	4.00	5.50	186.00	5.46	5.90
6	38.56	10.16	0.02	57.00	33.00	25.80	27.96	32.90	30.71	7.86	12.00	3.00	5.56	176.00	5.90	8.20
6	38.66	9.65	0.02	55.00	33.40	25.80	28.08	33.60	31.30	7.36	17.00	3.00	6.00	165.00	6.22	6.10
6	38.56	12.40	0.02	57.00	33.30	26.10	28.26	34.40	31.35	7.21	12.00	3.00	5.00	172.00	4.84	6.40
6	39.79	9.06	0.02	57.00	33.00	25.80	27.96	33.40	31.22	8.57	19.00	4.00	7.00	151.00	6.62	5.30
6	38.52	13.32	0.02	55.00	32.90	25.50	27.72	32.60	30.25	8.27	17.00	3.00	6.00	169.00	4.51	5.70
6	37.78	14.05	0.02	55.00	32.80	26.00	28.04	33.20	31.31	6.47	16.88	3.50	6.00	165.00	4.27	6.10
6	38.87	14.15	0.02	57.00	33.00	25.80	27.96	33.20	30.26	8.61	19.00	4.00	7.00	163.00	4.24	5.70
6	38.91	10.16	0.02	55.00	33.40	26.00	28.22	32.80	29.74	9.17	17.00	4.00	6.17	179.00	5.91	5.40
6	38.77	10.91	0.02	55.00	33.30	25.80	28.05	34.40	29.23	9.54	17.00	4.00	6.17	177.00	5.50	6.40
6	38.35	9.83	0.02	57.00	33.10	26.00	28.13	32.80	29.89	8.46	17.00	3.00	3.00	166.00	6.11	6.20
6	37.75	10.65	0.02	42.00	32.90	23.10	26.04	34.40	35.13	2.62	14.00	1.00	2.00	147.00	5.63	5.04
6	37.94	12.16	0.02	45.00	32.90	23.40	26.25	34.60	34.22	3.72	14.00	1.00	2.00	159.00	4.93	4.68
6	37.65	12.41	0.02	40.00	33.30	22.90	26.02	35.40	36.08	1.57	14.00	2.00	4.00	162.00	4.83	5.04
6	37.65	13.28	0.01	40.00	32.90	22.40	25.55	32.80	33.37	4.28	15.00	4.00	6.00	145.00	4.52	4.68
6	38.42	10.32	0.02	47.00	33.00	23.80	26.56	33.20	33.32	5.10	14.00	1.00	4.00	155.00	5.81	5.04
6	38.91	10.91	0.02	42.00	33.10	23.30	26.24	35.60	35.52	3.39	15.00	5.00	6.00	168.00	5.50	4.68
6	37.88	15.06	0.01	40.00	33.10	22.70	25.82	33.60	34.43	3.45	12.00	3.00	3.00	170.00	3.98	4.68
6	38.67	13.38	0.01	38.00	33.00	22.20	25.44	34.60	35.17	3.50	17.00	4.00	5.00	155.00	4.48	5.04
6	38.51	10.62	0.02	42.00	33.00	23.30	26.21	34.80	35.08	3.43	10.00	0.00	2.00	171.00	5.65	4.68
6	38.37	10.94	0.02	55.00	33.20	25.70	27.95	34.60	35.18	3.19	15.00	2.00	3.00	143.00	5.48	5.04
6	37.83	12.41	0.02	52.00	32.90	25.10	27.44	34.40	34.26	3.57	15.00	1.00	2.00	158.00	4.83	4.68
6	38.24	13.53	0.02	57.00	32.60	25.40	27.56	35.20	35.69	2.55	14.00	4.00	5.00	170.00	4.43	5.04
6	37.70	14.06	0.02	57.00	33.10	25.90	28.06	32.20	33.13	4.57	14.00	4.00	5.00	141.00	4.27	4.32
6	38.91	9.47	0.02	60.00	33.20	26.80	28.72	35.60	35.52	3.39	14.00	3.00	4.00	169.00	6.34	4.68
6	38.20	10.91	0.02	57.00	33.30	26.50	28.54	36.80	36.47	1.73	18.00	5.00	6.00	177.00	5.50	5.04
6	37.87	14.29	0.02	57.00	33.20	26.20	28.30	34.60	34.88	2.99	13.00	5.00	6.00	170.00	4.20	5.04
6	39.04	13.90	0.02	52.00	32.80	25.00	27.34	33.40	34.73	4.31	17.00	5.00	6.00	158.00	4.32	5.40
6	38.27	11.65	0.02	57.00	33.30	26.10	28.26	34.60	34.80	3.47	11.00	1.00	2.00	178.00	5.15	5.04
6	38.07	10.68	0.03	77.00	33.30	29.90	30.92	36.00	36.28	1.79	17.00	4.00	6.00	152.00	5.62	4.68
6	38.35	12.46	0.03	77.00	32.50	29.00	30.05	36.40	35.52	2.83	14.00	1.00	3.00	169.00	4.82	5.04
6	38.38	12.41	0.03	77.00	33.30	29.70	30.78	35.80	36.52	1.86	15.00	4.00	5.00	177.00	4.83	4.68
6	38.42	11.61	0.03	80.00	32.20	29.30	30.17	33.60	33.71	4.71	16.00	6.00	7.00	154.00	5.17	4.68
6	39.02	9.05	0.03	77.00	33.40	29.90	30.95	36.00	36.31	2.71	14.00	4.00	6.00	160.00	6.63	4.68
6	39.02	10.03	0.03	77.00	33.00	29.40	30.48	36.80	36.76	2.26	19.00	5.00	7.00	183.00	5.98	5.40
6	38.50	13.85	0.03	77.00	33.40	30.00	31.02	36.40	36.46	2.04	14.00	6.00	7.00	172.00	4.33	5.40
6	39.16	11.61	0.03	77.00	32.80	29.10	30.21	36.40	36.43	2.73	19.00	5.00	7.00	161.00	5.17	4.68
6	38.53	8.13	0.03	77.00	33.20	29.90	30.89	35.60	35.80	2.73	13.00	1.00	2.00	180.00	7.38	4.68
6	38.88	9.69	0.02	65.00	32.80	27.30	28.95	34.80	35.06	3.82	16.00	3.00	0.00	180.00	6.19	6.10
6	38.18	13.78	0.03	68.00	33.70	28.70	29.85	36.60	36.57	1.61	16.00	3.00	0.00	169.00	4.36	6.30
6	38.20	9.95	0.02	63.00	32.80	26.80	28.60	35.60	35.73	2.47	16.00	3.00	0.00	184.00	6.03	6.10
6	39.12	14.85	0.02	65.00	32.90	27.40	29.05	36.80	36.28	2.84	17.00	4.00	0.00	183.00	4.04	5.40
6	38.15	11.97	0.02	65.00	32.60	27.10	28.75	35.40	35.34	2.81	17.00	4.00	0.00	180.00	5.01	6.20
6	38.72	12.03	0.02	63.00	32.80	26.80	28.60	33.40	34.59	4.13	9.00	1.00	0.00	175.00	4.99	6.00
6	38.42	12.15	0.02	63.00	32.80	26.80	28.60	34.80	35.23	3.19	14.00	3.00	0.00	176.00	4.94	6.00
6	38.92	9.21	0.02	63.00	32.80	26.80	28.60	35.00	34.96	3.96	13.00	1.00	0.00	164.00	6.51	5.70
5	39.14	10.11	0.03	69.50	33.00	28.40	29.78	33.40	35.46	3.68	10.00	1.00	5.00	190.00	5.93	0.00
5	38.01	9.68	0.03	71.00	33.05	28.45	29.83	32.20	34.77	3.24	13.00	3.00	6.00	156.00	6.20	0.00
5	37.87	9.26	0.03	67.00	33.50	28.50	30.00	32.60	34.43	3.44	16.00	4.00	7.00	137.00	6.48	0.00
5	37.98	10.00	0.03	73.00	33.00	29.00	30.20	33.20	35.49	2.49	13.00	3.00	6.00	143.00	6.00	0.00
5	38.04	9.99	0.03	72.50	33.05	28.75	30.04	32.80	34.25	3.79	12.00	3.00	5.00	168.00	6.00	0.00
5	38.29	10.63	0.03	71.00	32.95	28.55	29.87	32.80	33.03	5.26	9.00	1.00	4.00	155.00	5.64	0.00
5	38.13	9.68	0.03	71.00	32.95	28.50	29.84	33.20	35.72	2.41	12.00	2.00	5.00	161.00	6.20	0.00
5	38.14	13.40	0.03	74.00	33.10	28.80	30.09	33.20	35.16	2.98	12.00	2.00	5.00	180.00	4.48	0.00
5	38.01	10.61	0.03	71.00	33.15	28.50	29.90	33.40	34.19	3.82	13.00	3.00	5.00	165.00	5.66	0.00
5	38.97	9.53	0.03	71.00	33.05	28.50	29.87	33.40	35.61	3.36	13.00	2.00	6.00	173.00	6.30	0.00
5	38.31	10.29	0.03	71.00	32.95	28.40	29.77	33.00	35.98	2.33	15.00	4.00	6.00	159.00	5.83	0.00
5	39.45	11.44	0.03	69.50	32.95	28.20	29.63	34.00	35.99	3.46	11.00	1.00	5.00	185.00	5.25	0.00
5	38.54	10.65	0.03	71.00	33.20	28.70	30.05	33.60	35.74	2.80	15.00	3.00	6.00	169.00	5.63	0.00
5	38.20	10.82	0.03	70.00	33.00	28.50	29.85	33.60	34.61	3.59	17.00	4.00	7.00	138.00	5.54	0.00
5	37.85	9.60	0.03	70.00	33.00	28.50	29.85	34.20	35.33	2.52	12.00	2.00	6.00	141.00	6.25	0.00
5	38.42	7.72	0.03	71.00	33.15	28.55	29.93	35.60	33.31	5.11	11.00	2.00	5.00	137.00	7.78	0.00
5	38.71	12.10	0.03	72.50	33.15	28.85	30.14	34.20	33.87	4.84	9.00	1.00	4.00	174.00	4.96	0.00
5	38.06	11.17	0.03	72.50	33.20	28.70	30.05	34.40	35.51	2.55	12.00	3.00	5.00	176.00	5.37	0.00
5	38.11	12.95	0.03	71.00	33.25	28.70	30.07	34.80	35.04	3.07	12.00	3.00	5.00	190.00	4.63	0.00
5	38.49	10.41	0.03	69.50	33.10	28.20	29.67	33.80	34.12	4.37	13.00	2.00	5.00	172.00	5.76	0.00
5	39.08	10.39	0.03	71.00	32.90	28.50	29.82	34.60	36.37	2.71	13.00	3.00	6.00	179.00	5.77	0.00
5	38.51	10.47	0.03	72.50	33.15	28.70	30.04	34.40	36.38	2.13	16.00	4.00	6.00	168.00	5.73	0.00
5	38.35	8.29	0.02	60.00	33.70	27.20	29.15	32.40	30.01	8.34	13.00	3.00	6.00	166.00	7.24	5.40
5	38.58	12.00	0.02	52.00	33.40	25.80	28.08	33.80	31.04	7.54	13.00	3.00	5.00	150.00	5.00	5.70
5	38.09	14.52	0.02	57.00	33.10	25.80	27.99	32.80	30.16	7.93	16.00	3.00	6.00	169.00	4.13	6.50
5	38.40	10.91	0.02	57.00	33.50	26.30	28.46	32.40	30.01	8.39	15.00	3.00	5.00	182.00	5.50	5.90
5	38.22	10.63	0.02	57.00	33.10	26.00	28.13	34.20	31.36	6.86	13.00	3.00	6.00	178.00	5.64	6.70
5	38.72	10.00	0.02	55.00	33.00	25.60	27.82	32.40	29.97	8.75	17.00	7.00	4.00	176.00	6.00	6.20
5	38.55	13.79	0.02	57.00	33.30	26.20	28.33	32.80	30.04	8.51	14.00	3.00	6.00	181.00	4.35	5.90
5	38.56	11.04	0.02	57.00	33.00	26.00	28.10	31.80	29.46	9.10	15.00	3.00	5.33	182.00	5.43	6.30
5	38.30	10.07	0.02	55.00	32.90	25.70	27.86	33.40	31.12	7.18	12.00	2.00	5.42	175.00	5.96	8.50
5	38.40	9.68	0.02	57.00	32.90	25.80	27.93	33.80	31.02	7.38	14.00	2.00	6.00	161.00	6.20	5.60
5	38.23	12.31	0.02	57.00	33.10	26.00	28.13	34.60	31.44	6.79	11.00	3.00	5.00	169.00	4.87	5.70
5	39.62	9.27	0.02	57.00	32.00	25.10	27.17	33.60	31.21	8.41	17.00	4.00	7.00	167.00	6.47	6.10
5	38.28	13.14	0.02	55.00	33.10	25.60	27.85	32.20	29.97	8.31	13.00	3.00	5.00	165.00	4.57	6.20
5	37.51	13.85	0.02	57.00	33.10	26.20	28.27	33.00	31.02	6.49	14.63	3.00	5.75	164.00	4.33	5.30
5	38.41	14.08	0.02	55.00	33.00	25.70	27.89	32.80	29.93	8.48	17.00	3.00	6.00	160.00	4.26	5.20
5	38.69	10.33	0.02	55.00	33.30	26.00	28.19	31.80	29.67	9.02	15.00	3.00	5.79	178.00	5.81	5.70
5	38.40	10.94	0.02	57.00	32.90	25.80	27.93	33.20	29.34	9.06	15.00	3.00	5.79	165.00	5.49	5.90
5	38.14	9.70	0.02	55.00	33.40	26.00	28.22	31.80	29.07	9.07	15.00	3.00	3.00	162.00	6.18	6.10
5	37.63	10.59	0.02	55.00	33.15	23.05	26.08	34.60	34.94	2.69	14.00	1.00	2.00	145.00	5.67	4.50
5	37.76	12.41	0.02	55.00	32.90	23.05	26.01	31.40	32.53	5.23	14.00	1.00	2.00	157.00	4.83	3.60
5	37.31	12.46	0.02	55.00	33.30	22.75	25.92	35.00	35.46	1.85	12.00	1.00	3.00	157.00	4.82	4.50
5	37.42	13.28	0.02	55.00	33.10	22.20	25.47	34.20	33.30	4.12	15.00	4.00	6.00	142.00	4.52	5.22
5	38.18	10.29	0.02	55.00	33.00	23.25	26.18	34.00	33.78	4.40	13.00	1.00	2.00	154.00	5.83	5.04
5	38.61	11.54	0.02	55.00	33.20	22.90	25.99	35.60	35.42	3.19	16.00	5.00	6.00	170.00	5.20	5.22
5	37.50	15.00	0.02	55.00	33.25	22.30	25.59	33.60	34.59	2.91	12.00	2.00	3.00	163.00	4.00	4.68
5	38.38	13.38	0.02	55.00	33.00	21.95	25.27	34.40	34.95	3.43	16.00	4.00	5.00	151.00	4.48	5.04
5	38.23	10.32	0.02	55.00	33.00	23.00	26.00	34.80	34.89	3.34	10.00	0.00	2.00	162.00	5.81	5.22
5	38.27	10.62	0.02	55.00	33.15	25.65	27.90	34.60	35.12	3.15	14.00	2.00	2.00	134.00	5.65	6.12
5	37.57	12.41	0.02	55.00	32.85	25.00	27.36	34.50	34.53	3.05	15.00	1.00	1.00	158.00	4.83	5.22
5	38.06	13.85	0.02	55.00	32.90	25.80	27.93	36.20	35.86	2.20	10.00	4.00	4.00	157.00	4.33	5.58
5	37.43	12.46	0.02	55.00	33.00	25.80	27.96	32.80	33.22	4.21	12.00	3.00	4.00	136.00	4.82	5.40
5	38.61	9.50	0.02	55.00	33.15	26.55	28.53	35.60	35.42	3.19	14.00	3.00	4.00	164.00	6.32	4.14
5	37.93	11.21	0.02	55.00	33.25	26.60	28.60	36.60	36.09	1.84	17.00	5.00	6.00	174.00	5.35	4.50
5	37.44	13.90	0.02	55.00	33.10	26.05	28.17	34.00	34.60	2.84	11.00	5.00	5.00	161.00	4.32	5.58
5	38.76	14.40	0.02	55.00	32.85	25.20	27.50	34.40	34.58	4.18	16.00	4.00	5.00	159.00	4.17	5.40
5	37.96	11.61	0.02	55.00	33.25	26.20	28.32	34.60	34.66	3.30	10.00	0.00	2.00	176.00	5.17	4.50
5	37.94	10.91	0.02	55.00	33.20	29.85	30.86	35.20	35.48	2.46	15.00	4.00	5.00	148.00	5.50	4.14
5	38.00	12.33	0.02	55.00	32.55	29.10	30.14	35.10	35.25	2.75	14.00	1.00	3.00	165.00	4.87	3.42
5	37.94	12.41	0.02	55.00	33.20	29.70	30.75	36.00	36.34	1.60	15.00	4.00	5.00	167.00	4.83	4.68
5	38.09	11.29	0.02	55.00	32.75	30.10	30.90	33.60	33.65	4.44	15.00	6.00	7.00	149.00	5.31	3.60
5	38.68	9.63	0.02	55.00	33.35	29.85	30.90	36.20	36.30	2.38	14.00	4.00	6.00	162.00	6.23	4.68
5	38.63	10.78	0.02	55.00	33.00	29.25	30.38	37.00	36.59	2.04	17.00	5.00	7.00	181.00	5.57	4.86
5	38.09	13.90	0.02	55.00	33.25	29.80	30.84	36.20	36.22	1.87	11.00	5.00	7.00	173.00	4.32	5.40
5	38.73	12.37	0.02	55.00	33.00	29.30	30.41	36.00	36.03	2.70	18.00	5.00	7.00	157.00	4.85	4.68
5	38.12	10.98	0.02	55.00	33.10	29.70	30.72	35.80	35.95	2.17	13.00	2.00	3.00	181.00	5.46	5.22
5	37.90	9.52	0.02	65.00	32.80	27.30	28.95	34.20	34.68	3.22	15.00	3.00	0.00	177.00	6.30	6.00
5	37.94	13.31	0.03	68.00	33.50	28.50	29.65	36.60	36.36	1.58	15.00	3.00	0.00	164.00	4.51	6.20
5	37.93	10.17	0.02	63.00	32.80	26.80	28.60	35.60	35.79	2.14	15.00	3.00	0.00	181.00	5.90	6.20
5	38.84	14.60	0.02	65.00	32.90	26.90	29.05	36.40	35.99	2.85	17.00	4.00	0.00	179.00	4.11	5.50
5	37.90	11.86	0.02	65.00	32.30	26.80	28.45	35.20	35.16	2.74	15.00	3.00	0.00	175.00	5.06	6.30
5	38.44	11.94	0.02	65.00	32.80	27.30	28.95	33.40	34.54	3.90	8.00	1.00	0.00	171.00	5.02	6.20
5	38.12	12.52	0.02	63.00	32.80	26.80	28.95	34.60	34.85	3.27	13.00	2.00	0.00	177.00	4.79	6.10
5	38.66	9.61	0.02	65.00	32.90	27.40	29.05	35.40	34.94	3.72	12.00	2.00	0.00	172.00	6.24	6.00
4	38.70	10.09	0.02	68.00	33.00	28.30	29.71	32.60	35.19	3.51	9.00	1.00	4.00	187.00	5.95	0.00
4	37.56	9.68	0.03	71.00	33.10	28.40	29.81	31.60	34.12	3.44	10.00	3.00	6.00	152.00	6.20	0.00
4	37.55	9.33	0.02	62.00	34.00	28.00	29.80	32.80	34.36	3.19	16.00	4.00	7.00	145.00	6.43	0.00
4	37.53	9.96	0.03	73.00	33.00	29.00	30.20	33.00	35.45	2.08	11.00	2.00	5.00	143.00	6.03	0.00
4	37.84	9.60	0.03	71.00	33.00	28.50	29.85	34.20	34.26	3.58	11.00	2.00	5.00	165.00	6.25	0.00
4	37.98	10.37	0.03	71.00	33.00	28.60	29.92	35.20	32.49	5.49	9.00	2.00	5.00	146.00	5.79	0.00
4	37.83	9.36	0.03	71.00	32.90	28.50	29.82	34.60	35.09	2.74	12.00	2.00	5.00	159.00	6.41	0.00
4	37.74	13.56	0.03	74.00	33.10	28.60	29.95	34.20	34.99	2.75	11.00	2.00	5.00	189.00	4.43	0.00
4	37.72	10.57	0.03	71.00	33.20	28.60	29.98	34.40	34.04	3.68	12.00	3.00	5.00	162.00	5.68	0.00
4	38.65	9.46	0.03	71.00	33.00	28.50	29.85	34.80	35.73	2.92	12.00	2.00	5.00	172.00	6.34	0.00
4	37.87	10.23	0.03	71.00	33.00	28.50	29.85	35.60	35.69	2.18	15.00	3.00	6.00	159.00	5.86	0.00
4	39.18	11.74	0.02	68.00	32.80	28.00	29.44	33.60	35.63	3.55	10.00	1.00	4.00	182.00	5.11	0.00
4	38.20	10.55	0.03	71.00	33.40	28.90	30.25	32.00	35.35	2.85	13.00	3.00	6.00	162.00	5.69	0.00
4	38.19	11.12	0.03	73.00	33.00	29.00	30.20	32.20	35.40	2.79	17.00	4.00	7.00	141.00	5.40	0.00
4	37.52	9.46	0.03	73.00	33.00	29.00	30.20	33.20	35.50	2.02	11.00	2.00	5.00	142.00	6.34	0.00
4	38.24	7.80	0.03	71.00	33.10	28.60	29.95	33.40	32.61	5.63	11.00	2.00	5.00	134.00	7.69	0.00
4	38.36	11.80	0.03	74.00	33.20	29.10	30.33	33.20	33.39	4.97	9.00	2.00	5.00	167.00	5.08	0.00
4	37.74	10.93	0.03	74.00	33.30	28.90	30.22	33.00	35.76	1.98	11.00	2.00	5.00	172.00	5.49	0.00
4	37.96	12.91	0.03	71.00	33.50	28.80	30.21	32.20	35.14	2.82	11.00	2.00	5.00	180.00	4.65	0.00
4	38.17	10.34	0.03	71.00	33.20	28.60	29.98	32.40	34.04	4.13	12.00	2.00	5.00	168.00	5.80	0.00
4	38.82	10.46	0.03	71.00	32.90	28.50	29.82	33.00	36.51	2.31	12.00	2.00	5.00	172.00	5.74	0.00
4	38.13	10.80	0.03	74.00	33.00	28.90	30.13	33.80	35.61	2.52	15.00	3.00	6.00	164.00	5.55	0.00
4	38.12	8.11	0.02	60.00	33.70	27.10	29.08	31.60	29.67	8.45	13.00	3.00	6.00	160.00	7.40	5.70
4	38.40	11.85	0.02	52.00	33.50	25.60	27.97	33.60	31.04	7.36	13.00	3.00	5.00	149.00	5.06	6.30
4	37.83	14.52	0.02	57.00	33.10	26.20	28.27	33.20	30.50	7.33	15.00	3.00	6.00	163.00	4.13	7.10
4	37.61	10.85	0.02	57.00	33.00	26.00	28.10	32.20	29.74	7.87	13.00	3.00	5.00	174.00	5.53	6.20
4	37.88	10.37	0.02	57.00	32.80	26.00	28.04	34.40	31.40	6.48	13.00	3.00	5.00	174.00	5.79	6.20
4	38.46	10.00	0.02	57.00	33.20	26.00	28.16	32.60	30.10	8.36	17.00	7.00	3.00	173.00	6.00	6.20
4	38.15	13.52	0.02	60.00	33.10	26.30	28.34	32.80	30.04	8.11	13.00	3.00	6.00	179.00	4.44	5.20
4	38.12	10.88	0.02	57.00	33.00	26.00	28.10	30.60	28.55	9.57	13.00	3.00	5.00	176.00	5.51	6.40
4	38.01	9.91	0.02	55.00	33.20	25.70	27.95	32.20	29.83	8.18	12.00	2.00	5.13	168.00	6.05	8.50
4	38.18	9.64	0.02	57.00	33.10	26.00	28.13	33.80	31.24	6.94	12.00	4.00	6.00	160.00	6.23	6.40
4	37.94	12.20	0.02	60.00	33.20	26.60	28.58	35.20	32.04	5.90	11.00	2.00	5.00	167.00	4.92	6.40
4	39.28	9.54	0.02	52.00	33.10	25.20	27.57	33.20	30.89	8.39	14.00	3.00	6.00	166.00	6.29	7.70
4	37.88	12.82	0.02	52.00	33.30	25.70	27.98	32.00	29.88	8.00	13.00	3.00	5.00	162.00	4.68	6.20
4	37.26	13.52	0.02	57.00	33.20	26.00	28.16	33.20	31.06	6.20	13.38	3.13	5.50	163.00	4.44	6.40
4	37.99	13.46	0.02	55.00	33.00	25.70	27.89	32.40	29.81	8.18	15.00	4.00	6.00	157.00	4.46	6.30
4	38.33	10.31	0.02	55.00	33.50	26.00	28.25	31.80	29.46	8.87	13.00	3.00	5.58	184.00	5.82	5.90
4	38.03	10.71	0.02	57.00	33.00	25.90	28.03	33.40	29.10	8.93	14.00	3.00	5.58	168.00	5.60	6.30
4	37.95	9.60	0.02	57.00	32.80	25.80	27.90	31.80	28.93	9.02	15.00	3.00	3.00	151.00	6.25	5.90
4	37.47	10.56	0.02	40.00	33.40	23.00	26.12	35.00	35.41	2.06	13.00	1.00	2.00	143.00	5.68	4.68
4	37.50	12.41	0.02	42.00	32.90	22.70	25.76	34.20	34.15	3.35	14.00	1.00	1.00	151.00	4.83	3.96
4	36.95	12.41	0.01	36.00	33.30	22.60	25.81	34.80	35.53	1.42	11.00	0.00	2.00	153.00	4.83	4.68
4	37.10	13.33	0.01	36.00	33.30	22.00	25.39	33.20	33.52	3.58	13.00	4.00	5.00	137.00	4.50	5.04
4	37.94	10.29	0.01	40.00	33.00	22.70	25.79	33.20	32.96	4.98	12.00	1.00	2.00	150.00	5.83	5.04
4	38.20	11.96	0.01	36.00	33.30	22.50	25.74	35.20	35.37	2.83	16.00	5.00	6.00	178.00	5.02	5.04
4	37.09	15.00	0.01	36.00	33.40	21.90	25.35	33.20	34.32	2.77	11.00	2.00	3.00	158.00	4.00	4.68
4	38.11	13.38	0.01	36.00	33.00	21.70	25.09	34.60	35.07	3.04	15.00	3.00	3.00	155.00	4.48	5.04
4	37.98	10.00	0.01	40.00	33.00	22.70	25.79	34.60	34.80	3.18	9.00	0.00	2.00	154.00	6.00	5.04
4	37.77	10.37	0.02	55.00	33.10	25.60	27.85	34.40	34.91	2.86	14.00	2.00	2.00	134.00	5.79	5.76
4	37.31	12.46	0.02	52.00	32.80	24.90	27.27	34.60	34.64	2.67	14.00	1.00	1.00	158.00	4.82	5.04
4	37.89	13.90	0.02	57.00	33.20	26.20	28.30	34.80	35.60	2.29	12.00	3.00	4.00	157.00	4.32	5.40
4	37.34	11.80	0.02	57.00	32.90	25.70	27.86	32.40	32.86	4.48	11.00	3.00	4.00	131.00	5.08	5.04
4	38.20	9.50	0.02	57.00	33.10	26.30	28.34	35.20	35.37	2.83	13.00	3.00	4.00	159.00	6.32	4.32
4	37.68	11.25	0.02	60.00	33.20	26.70	28.65	36.20	35.98	1.70	16.00	4.00	6.00	173.00	5.33	4.68
4	37.09	13.79	0.02	57.00	33.00	25.90	28.03	33.80	34.51	2.58	10.00	5.00	5.00	157.00	4.35	5.40
4	38.39	14.46	0.02	55.00	32.90	25.40	27.65	34.40	34.33	4.06	16.00	4.00	5.00	150.00	4.15	5.40
4	37.65	11.65	0.02	57.00	33.20	26.30	28.37	34.40	34.78	2.87	9.00	1.00	2.00	171.00	5.15	4.68
4	37.56	10.98	0.03	80.00	33.10	29.80	30.79	34.60	34.81	2.75	15.00	4.00	4.00	146.00	5.46	4.32
4	37.52	12.59	0.03	77.00	32.60	29.20	30.22	35.40	35.27	2.26	14.00	1.00	3.00	160.00	4.77	3.96
4	37.57	12.46	0.03	77.00	33.10	29.70	30.72	35.60	35.99	1.58	12.00	3.00	4.00	161.00	4.82	4.68
4	37.64	11.15	0.03	83.00	33.30	30.90	31.62	34.40	34.46	3.18	14.00	6.00	7.00	158.00	5.38	3.96
4	38.27	10.06	0.03	77.00	33.30	29.80	30.85	35.80	35.89	2.38	14.00	4.00	5.00	159.00	5.96	4.68
4	38.21	11.25	0.03	74.00	33.00	29.10	30.27	36.40	36.17	2.04	16.00	5.00	6.00	174.00	5.33	5.04
4	37.64	13.85	0.03	77.00	33.10	29.60	30.65	36.20	36.07	1.57	10.00	5.00	6.00	161.00	4.33	5.40
4	38.32	12.81	0.03	77.00	33.20	29.50	30.61	36.00	36.36	1.96	17.00	5.00	6.00	151.00	4.68	4.68
4	37.67	11.25	0.03	77.00	33.00	29.50	30.55	35.80	35.95	1.72	12.00	2.00	3.00	178.00	5.33	5.04
4	37.68	9.57	0.02	65.00	32.80	27.30	28.95	34.20	34.73	2.95	15.00	3.00	0.00	173.00	6.27	6.10
4	37.76	13.13	0.02	68.00	33.10	28.10	29.25	36.00	35.84	1.92	15.00	3.00	0.00	161.00	4.57	6.40
4	37.64	9.97	0.02	62.00	32.70	26.70	28.50	35.20	35.28	2.36	13.00	3.00	0.00	176.00	6.02	6.10
4	38.50	14.85	0.02	65.00	32.90	27.40	29.05	36.20	35.65	2.85	16.00	3.00	0.00	174.00	4.04	5.00
4	37.47	11.80	0.02	66.00	32.80	27.30	28.95	34.80	34.87	2.60	14.00	3.00	0.00	172.00	5.08	6.40
4	38.17	11.61	0.02	65.00	32.70	27.20	28.85	33.20	34.24	3.93	7.00	1.00	0.00	168.00	5.17	6.30
4	37.86	12.28	0.02	63.00	32.80	26.80	28.95	34.60	34.64	3.22	11.00	3.00	0.00	174.00	4.89	5.70
4	38.40	9.36	0.02	65.00	33.30	27.80	29.45	34.60	34.63	3.77	12.00	1.00	0.00	165.00	6.41	6.00
3	38.23	10.06	0.03	71.00	32.90	28.55	29.86	34.20	35.13	3.10	8.00	1.00	5.00	180.00	5.97	0.00
3	37.19	9.64	0.03	71.00	33.05	28.45	29.83	34.20	34.46	2.73	9.00	3.00	5.00	146.00	6.22	0.00
3	37.03	9.05	0.02	64.50	33.50	28.00	29.65	34.40	34.25	2.78	14.00	4.00	7.00	145.00	6.63	0.00
3	37.19	9.82	0.03	70.00	33.00	28.50	29.85	34.80	35.36	1.83	9.00	2.00	5.00	134.00	6.11	0.00
3	37.44	9.30	0.03	72.50	33.10	28.75	30.06	35.20	33.73	3.71	10.00	1.00	5.00	152.00	6.45	0.00
3	37.82	10.07	0.03	71.00	33.00	28.65	29.96	35.00	32.76	5.06	9.00	1.00	5.00	146.00	5.96	0.00
3	37.50	8.97	0.03	71.00	32.85	28.75	29.98	34.40	35.21	2.29	11.00	2.00	5.00	156.00	6.69	0.00
3	37.41	13.74	0.03	74.00	33.15	28.75	30.07	35.80	34.31	3.10	10.00	2.00	5.00	188.00	4.37	0.00
3	37.41	10.52	0.03	71.00	33.05	28.55	29.90	35.60	33.94	3.47	9.00	2.00	5.00	158.00	5.71	0.00
3	38.27	9.35	0.03	71.00	33.00	28.60	29.92	35.20	35.30	2.97	11.00	2.00	5.00	168.00	6.42	0.00
3	37.37	10.18	0.03	71.00	33.00	28.50	29.85	36.80	35.13	2.24	15.00	2.00	5.00	149.00	5.89	0.00
3	39.04	12.15	0.03	69.50	32.90	28.35	29.72	35.20	35.70	3.34	9.00	1.00	5.00	184.00	4.94	0.00
3	37.80	10.62	0.03	71.00	33.40	28.65	30.08	34.40	34.73	3.07	11.00	3.00	5.00	158.00	5.65	0.00
3	37.88	11.29	0.03	73.00	33.00	29.00	30.20	34.40	34.99	2.89	17.00	4.00	7.00	144.00	5.32	0.00
3	37.20	9.27	0.03	70.00	33.00	28.50	29.85	34.60	34.86	2.34	10.00	2.00	5.00	131.00	6.47	0.00
3	38.00	7.70	0.03	71.00	32.95	28.55	29.87	35.40	33.05	4.95	10.00	2.00	5.00	134.00	7.79	0.00
3	38.00	11.43	0.03	72.50	33.15	28.80	30.11	35.40	33.84	4.16	9.00	1.00	5.00	152.00	5.25	0.00
3	37.46	10.61	0.03	72.50	33.20	28.80	30.12	35.60	34.87	2.59	8.00	2.00	5.00	161.00	5.66	0.00
3	37.75	12.49	0.03	71.00	33.30	28.85	30.19	35.60	34.81	2.94	10.00	2.00	5.00	188.00	4.81	0.00
3	37.85	10.21	0.03	71.00	33.15	28.55	29.93	35.20	33.90	3.95	12.00	2.00	5.00	162.00	5.88	0.00
3	38.67	10.53	0.03	71.00	33.00	28.40	29.78	35.80	35.43	3.24	11.00	2.00	5.00	166.00	5.70	0.00
3	37.73	10.14	0.03	72.50	32.80	28.55	29.83	36.40	36.09	1.64	15.00	3.00	5.00	158.00	5.92	0.00
3	37.85	7.98	0.02	60.00	33.50	27.00	28.95	31.80	30.09	7.76	12.00	3.00	5.00	152.00	7.52	5.50
3	38.22	11.61	0.02	51.00	33.60	26.70	28.77	34.40	31.53	6.69	13.00	3.00	5.00	146.00	5.17	6.10
3	37.50	14.54	0.02	57.00	33.20	26.00	28.16	33.80	30.90	6.60	14.00	3.00	6.00	162.00	4.13	6.40
3	37.34	10.48	0.02	57.00	33.70	26.00	28.31	32.20	29.83	7.51	13.00	2.00	5.00	171.00	5.73	6.20
3	37.58	9.85	0.02	55.00	33.20	25.50	27.81	34.20	31.31	6.27	12.00	2.00	5.00	170.00	6.09	5.90
3	38.15	9.52	0.02	55.00	33.00	25.50	27.75	33.20	30.45	7.70	14.00	5.00	3.00	167.00	6.31	6.20
3	37.83	13.17	0.02	60.00	33.00	26.40	28.38	33.20	30.16	7.67	12.00	3.00	5.00	179.00	4.56	5.20
3	37.77	10.49	0.02	55.00	33.20	25.50	27.81	30.60	28.51	9.26	11.00	2.00	4.83	174.00	5.72	6.00
3	37.74	9.69	0.02	55.00	33.10	25.70	27.92	32.80	30.34	7.40	11.00	2.00	4.85	160.00	6.19	8.60
3	37.93	9.47	0.02	52.00	33.30	25.70	27.98	33.80	31.14	6.79	12.00	2.00	6.00	154.00	6.33	7.00
3	37.78	12.20	0.02	60.00	33.20	26.50	28.51	35.20	31.84	5.94	11.00	2.00	5.00	167.00	4.92	5.90
3	38.69	9.60	0.02	55.00	33.00	25.40	27.68	32.60	30.58	8.11	11.00	3.00	5.00	168.00	6.25	5.70
3	37.50	12.31	0.02	55.00	33.60	26.00	28.28	32.20	30.11	7.39	11.00	3.00	5.00	156.00	4.87	6.20
3	37.06	13.17	0.02	52.00	33.40	25.60	27.94	33.40	31.25	5.81	11.63	2.75	5.25	160.00	4.56	6.10
3	37.80	12.84	0.02	57.00	33.30	26.00	28.19	32.60	29.99	7.81	13.00	3.00	5.00	154.00	4.67	5.90
3	38.00	10.08	0.02	57.00	33.00	26.00	28.10	31.60	29.71	8.29	10.00	3.00	5.21	176.00	5.95	5.20
3	37.71	10.33	0.02	55.00	32.90	25.70	27.86	32.80	29.15	8.56	12.00	3.00	5.21	166.00	5.81	7.00
3	37.76	9.52	0.02	57.00	33.00	26.00	28.10	31.60	28.84	8.92	13.00	3.00	3.00	142.00	6.31	6.30
3	37.26	10.65	0.02	57.00	33.30	22.50	25.74	35.80	35.86	1.40	12.00	1.00	1.00	140.00	5.63	4.68
3	37.26	12.41	0.02	57.00	33.05	22.10	25.39	34.00	33.91	3.35	14.00	1.00	1.00	148.00	4.83	5.04
3	36.65	12.46	0.02	57.00	33.15	21.90	25.28	34.80	35.22	1.43	10.00	0.00	2.00	151.00	4.82	5.22
3	36.73	12.41	0.02	57.00	33.15	21.20	24.79	33.40	33.27	3.46	11.00	3.00	4.00	132.00	4.83	3.96
3	37.64	10.32	0.02	57.00	33.20	22.30	25.57	33.20	33.49	4.15	12.00	1.00	2.00	143.00	5.81	5.04
3	37.80	12.86	0.02	57.00	33.20	22.10	25.43	35.60	35.69	2.11	15.00	4.00	6.00	177.00	4.67	4.50
3	36.74	14.81	0.02	57.00	33.30	21.25	24.87	32.60	33.88	2.86	10.00	1.00	2.00	156.00	4.05	4.68
3	37.81	13.33	0.02	57.00	32.95	21.30	24.80	34.40	34.76	3.05	14.00	3.00	3.00	148.00	4.50	3.96
3	37.69	10.03	0.02	57.00	33.20	22.35	25.61	35.40	35.26	2.43	9.00	0.00	4.00	155.00	5.98	5.04
3	37.26	10.34	0.02	57.00	33.05	25.45	27.73	34.60	35.01	2.25	13.00	1.00	2.00	132.00	5.80	5.76
3	37.04	12.41	0.02	57.00	32.70	24.75	27.14	34.30	34.45	2.59	14.00	1.00	1.00	153.00	4.83	5.04
3	37.23	13.43	0.02	57.00	33.00	26.05	28.14	34.80	35.27	1.96	11.00	2.00	4.00	154.00	4.47	6.48
3	37.00	11.61	0.02	57.00	32.85	25.60	27.78	33.40	33.66	3.34	11.00	3.00	4.00	132.00	5.17	4.50
3	37.80	9.47	0.02	57.00	33.05	26.10	28.19	35.60	35.69	2.11	12.00	2.00	4.00	156.00	6.34	3.78
3	37.31	11.43	0.02	57.00	33.05	26.35	28.36	35.40	35.46	1.85	15.00	4.00	6.00	171.00	5.25	4.68
3	36.68	13.33	0.02	57.00	33.20	26.05	28.20	33.60	34.33	2.35	10.00	4.00	5.00	153.00	4.50	5.40
3	38.06	14.40	0.02	57.00	33.35	25.90	28.14	33.60	34.95	3.11	16.00	4.00	5.00	151.00	4.17	4.32
3	37.37	11.65	0.02	57.00	33.10	26.05	28.17	34.20	34.36	3.01	9.00	1.00	2.00	165.00	5.15	4.68
3	37.23	11.25	0.02	57.00	33.25	30.15	31.08	34.60	34.81	2.42	13.00	3.00	3.00	144.00	5.33	4.86
3	37.14	12.37	0.02	57.00	32.75	29.35	30.37	35.10	35.05	2.09	14.00	1.00	3.00	152.00	4.85	5.04
3	37.22	12.41	0.02	57.00	32.95	29.55	30.57	35.20	35.48	1.74	11.00	3.00	4.00	157.00	4.83	4.68
3	37.28	10.59	0.02	57.00	33.15	30.75	31.47	33.80	33.99	3.29	12.00	6.00	7.00	136.00	5.67	5.04
3	37.83	10.91	0.02	57.00	33.30	29.85	30.89	36.20	35.89	1.94	13.00	4.00	5.00	161.00	5.50	5.76
3	37.83	11.29	0.02	57.00	33.25	29.65	30.73	36.40	36.23	1.60	14.00	4.00	5.00	174.00	5.31	4.50
3	37.21	13.85	0.02	57.00	33.00	29.55	30.59	36.20	35.91	1.30	10.00	4.00	5.00	157.00	4.33	4.86
3	37.90	13.85	0.02	57.00	33.00	29.35	30.45	36.20	36.33	1.57	16.00	4.00	5.00	148.00	4.33	4.68
3	37.24	11.65	0.02	57.00	33.05	29.40	30.50	35.80	35.84	1.40	11.00	0.00	2.00	173.00	5.15	3.96
3	37.44	9.43	0.02	65.00	32.70	27.20	28.85	34.20	34.67	2.77	13.00	2.00	0.00	169.00	6.36	6.10
3	37.40	12.86	0.02	68.00	32.70	27.70	28.85	34.80	35.05	2.35	12.00	3.00	0.00	159.00	4.67	6.90
3	37.39	9.66	0.02	62.00	32.60	27.10	28.40	35.20	35.38	2.01	13.00	2.00	0.00	171.00	6.21	6.20
3	38.13	14.44	0.02	65.00	32.90	27.40	29.05	36.80	35.97	2.16	15.00	3.00	0.00	172.00	4.16	4.80
3	37.13	11.78	0.02	66.00	32.80	27.30	28.95	34.40	34.70	2.43	11.00	3.00	0.00	170.00	5.09	6.60
3	37.89	11.13	0.02	65.00	32.70	27.20	28.85	34.20	34.85	3.04	7.00	1.00	0.00	165.00	5.39	6.80
3	37.51	12.46	0.02	65.00	32.70	27.20	28.85	34.60	34.74	2.77	12.00	2.00	0.00	169.00	4.82	5.90
3	38.14	9.29	0.02	65.00	32.60	27.10	28.75	33.80	34.28	3.86	8.00	1.00	0.00	165.00	6.46	5.90
2	37.75	10.00	0.03	74.00	32.80	28.80	30.00	32.60	35.15	2.60	7.00	1.00	4.00	178.00	6.00	0.00
2	36.70	9.64	0.03	71.00	33.00	28.50	29.85	33.00	34.04	2.66	7.00	2.00	5.00	143.00	6.23	0.00
2	36.73	8.76	0.02	67.00	33.00	28.00	29.50	33.00	33.25	3.48	14.00	4.00	7.00	137.00	6.85	0.00
2	36.96	9.25	0.02	67.00	33.00	28.00	29.50	34.00	34.71	2.25	9.00	1.00	4.00	134.00	6.48	0.00
2	37.17	8.79	0.03	74.00	33.20	29.00	30.26	35.00	34.03	3.14	10.00	1.00	4.00	150.00	6.83	0.00
2	37.60	9.51	0.03	71.00	33.00	28.70	29.99	35.00	32.54	5.06	7.00	1.00	4.00	140.00	6.31	0.00
2	37.09	8.63	0.03	71.00	32.80	29.00	30.14	36.00	35.69	1.40	9.00	2.00	5.00	144.00	6.95	0.00
2	37.18	13.56	0.03	74.00	33.20	28.90	30.19	36.00	34.82	2.36	9.00	1.00	4.00	179.00	4.43	0.00
2	37.13	10.10	0.03	71.00	32.90	28.50	29.82	36.80	33.82	3.31	8.00	2.00	5.00	150.00	5.94	0.00
2	37.86	9.22	0.03	71.00	33.00	28.70	29.99	35.60	34.87	2.99	10.00	2.00	5.00	161.00	6.51	0.00
2	37.02	10.06	0.03	71.00	33.00	28.50	29.85	36.20	34.97	2.05	14.00	2.00	5.00	146.00	5.97	0.00
2	38.18	12.12	0.03	71.00	33.00	28.70	29.99	34.20	35.50	2.68	7.00	1.00	4.00	181.00	4.95	0.00
2	37.56	10.70	0.03	71.00	33.40	28.40	29.90	34.80	35.14	2.42	9.00	2.00	5.00	153.00	5.61	0.00
2	37.38	10.91	0.03	73.00	33.00	29.00	30.20	35.20	34.84	2.54	16.00	4.00	7.00	146.00	5.50	0.00
2	36.90	9.11	0.02	67.00	33.00	28.00	29.50	34.80	34.71	2.19	9.00	1.00	4.00	127.00	6.58	0.00
2	37.77	7.61	0.03	71.00	32.80	28.50	29.79	35.80	33.04	4.73	8.00	1.00	4.00	123.00	7.88	0.00
2	37.60	11.08	0.03	71.00	33.10	28.50	29.88	35.40	33.61	3.99	7.00	1.00	4.00	154.00	5.42	0.00
2	37.22	10.42	0.03	71.00	33.10	28.70	30.02	35.80	34.91	2.31	7.00	2.00	5.00	154.00	5.76	0.00
2	37.26	12.00	0.03	71.00	33.10	28.90	30.16	35.80	34.46	2.80	9.00	1.00	4.00	178.00	5.00	0.00
2	37.54	10.00	0.03	71.00	33.10	28.50	29.88	34.80	33.90	3.64	9.00	2.00	5.00	153.00	6.00	0.00
2	38.39	10.26	0.03	71.00	33.10	28.30	29.74	34.80	35.43	2.96	10.00	2.00	5.00	157.00	5.85	0.00
2	37.50	10.06	0.03	71.00	32.60	28.20	29.52	36.00	35.29	2.21	13.00	3.00	5.00	156.00	5.97	0.00
2	37.64	7.48	0.02	60.00	33.40	26.90	28.85	32.40	30.11	7.53	11.00	2.00	5.00	148.00	8.03	6.30
2	37.99	11.37	0.02	51.00	34.00	25.60	28.12	35.00	31.85	6.14	12.00	3.00	5.00	140.00	5.28	6.30
2	37.18	14.63	0.02	52.00	32.90	25.00	27.37	34.20	31.17	6.01	14.00	3.00	5.00	159.00	4.10	6.50
2	37.07	10.24	0.02	55.00	32.50	25.20	27.39	31.80	29.27	7.80	13.00	2.00	5.00	163.00	5.86	6.50
2	37.31	9.35	0.02	55.00	33.20	25.30	27.67	34.00	31.27	6.04	11.00	2.00	5.00	166.00	6.42	5.80
2	37.77	8.94	0.02	52.00	33.10	24.80	27.29	33.20	30.55	7.22	13.00	5.00	3.00	151.00	6.71	6.20
2	37.53	12.37	0.02	60.00	33.60	26.80	28.84	33.80	30.76	6.77	10.00	3.00	5.00	172.00	4.85	4.50
2	37.40	10.00	0.02	52.00	33.70	26.00	28.31	31.00	28.87	8.53	13.00	2.00	4.67	168.00	6.00	5.90
2	37.51	9.39	0.02	55.00	33.00	25.70	27.89	32.80	30.24	7.27	11.00	2.00	4.71	156.00	6.39	8.20
2	37.64	9.45	0.02	55.00	33.00	25.70	27.89	34.00	31.23	6.41	11.00	2.00	5.00	144.00	6.35	6.30
2	37.59	11.90	0.02	52.00	33.00	25.70	27.89	34.20	31.08	6.51	8.00	2.00	4.00	163.00	5.04	5.80
2	38.12	9.23	0.02	55.00	33.00	25.40	27.68	34.50	31.49	6.63	7.00	1.00	5.00	165.00	6.50	6.60
2	37.26	12.31	0.02	55.00	32.90	25.60	27.79	32.60	30.23	7.03	9.00	3.00	4.00	149.00	4.88	6.20
2	36.90	12.79	0.02	52.00	33.20	25.10	27.53	33.80	31.33	5.57	10.00	2.13	4.50	155.00	4.69	6.00
2	37.70	11.86	0.02	57.00	33.20	26.00	28.16	32.40	29.76	7.94	13.00	3.00	5.00	146.00	5.06	6.30
2	37.67	9.80	0.02	55.00	33.40	26.20	28.36	31.20	29.28	8.39	8.00	2.00	4.58	169.00	6.13	6.00
2	37.37	9.90	0.02	55.00	32.80	25.50	27.69	32.80	29.05	8.32	11.00	2.00	4.58	161.00	6.06	6.00
2	37.60	9.21	0.02	57.00	33.10	26.00	28.13	31.20	28.63	8.97	13.00	2.00	2.00	141.00	6.52	6.60
2	37.04	10.59	0.01	38.00	33.20	22.00	25.36	35.40	35.53	1.51	10.00	1.00	1.00	136.00	5.67	4.68
2	37.06	12.46	0.01	33.00	33.20	21.50	25.01	33.40	33.63	3.43	14.00	0.00	1.00	151.00	4.82	4.68
2	36.38	12.41	0.01	33.00	33.00	21.20	24.74	34.60	34.52	1.86	10.00	0.00	1.00	147.00	4.83	5.04
2	36.24	12.04	0.01	31.00	33.00	20.40	24.18	33.40	33.47	2.77	9.00	2.00	4.00	127.00	4.98	4.32
2	37.34	10.32	0.01	36.00	33.40	21.90	25.35	33.40	33.13	4.21	13.00	1.00	3.00	145.00	5.81	5.04
2	37.50	12.90	0.01	36.00	33.10	21.70	25.12	36.60	36.17	1.33	12.00	4.00	5.00	172.00	4.65	4.68
2	36.45	14.40	0.01	31.00	33.20	20.60	24.38	31.40	32.94	3.51	9.00	1.00	1.00	151.00	4.17	4.68
2	37.52	13.38	0.01	33.00	32.90	20.90	24.50	34.80	34.89	2.63	14.00	3.00	3.00	142.00	4.48	4.32
2	37.34	10.00	0.01	36.00	33.40	22.00	25.42	35.20	34.98	2.36	9.00	0.00	2.00	147.00	6.00	5.04
2	37.14	10.53	0.02	55.00	33.00	25.30	27.61	34.40	34.46	2.68	11.00	0.00	1.00	122.00	5.70	5.76
2	36.78	12.50	0.02	52.00	32.60	24.60	27.00	33.70	34.01	2.77	14.00	1.00	1.00	149.00	4.80	5.04
2	36.91	13.48	0.02	57.00	32.80	25.90	27.97	34.40	34.86	2.05	10.00	1.00	2.00	163.00	4.45	6.12
2	36.66	11.65	0.02	55.00	32.80	25.50	27.69	33.00	33.04	3.62	11.00	2.00	3.00	125.00	5.15	4.68
2	37.50	10.91	0.02	57.00	33.00	25.90	28.03	36.60	36.17	1.33	13.00	1.00	3.00	159.00	5.50	3.96
2	37.01	12.00	0.02	57.00	32.90	26.00	28.07	35.40	35.37	1.64	14.00	4.00	4.00	168.00	5.00	4.68
2	36.34	13.48	0.02	57.00	33.40	26.20	28.36	33.20	33.99	2.35	9.00	4.00	4.00	148.00	4.45	5.40
2	37.71	14.46	0.02	55.00	33.80	26.40	28.62	33.60	34.69	3.02	14.00	3.00	4.00	151.00	4.15	4.68
2	37.07	11.61	0.02	57.00	33.00	25.80	27.96	35.80	35.29	1.78	8.00	0.00	2.00	160.00	5.17	4.68
2	37.04	11.29	0.03	80.00	33.40	30.50	31.37	34.60	34.65	2.39	12.00	2.00	1.00	143.00	5.31	4.68
2	36.87	12.59	0.03	77.00	32.90	29.50	30.52	35.00	34.78	2.09	14.00	2.00	1.00	156.00	4.77	4.68
2	36.92	12.46	0.03	77.00	32.80	29.40	30.42	34.20	34.49	2.43	9.00	2.00	3.00	149.00	4.82	4.68
2	36.83	10.29	0.03	83.00	33.00	30.60	31.32	33.60	33.66	3.17	8.00	4.00	5.00	126.00	5.83	4.68
2	37.42	10.84	0.03	77.00	33.30	29.90	30.92	35.80	35.54	1.88	13.00	3.00	4.00	152.00	5.54	5.40
2	37.42	12.12	0.03	77.00	33.50	30.20	31.19	35.60	35.42	2.00	12.00	3.00	4.00	171.00	4.95	4.68
2	36.84	13.85	0.03	77.00	32.90	29.50	30.52	34.60	34.84	2.00	9.00	4.00	5.00	153.00	4.33	5.04
2	37.55	13.85	0.03	77.00	32.80	29.20	30.28	35.20	35.38	2.17	15.00	4.00	4.00	143.00	4.33	4.68
2	36.92	11.61	0.03	74.00	33.10	29.30	30.44	35.40	35.45	1.47	10.00	1.00	2.00	165.00	5.17	4.32
2	37.15	10.29	0.02	65.00	32.70	27.20	28.85	33.80	34.30	2.85	12.00	2.00	0.00	166.00	5.83	6.10
2	37.27	12.70	0.02	68.00	32.60	27.60	28.75	34.40	34.65	2.62	11.00	2.00	0.00	151.00	4.73	6.80
2	37.21	9.57	0.02	65.00	32.60	27.10	28.75	35.20	35.21	2.00	12.00	2.00	0.00	168.00	6.27	6.50
2	37.76	13.71	0.02	65.00	32.80	27.30	28.95	35.40	35.08	2.68	14.00	3.00	0.00	168.00	4.38	4.90
2	36.81	11.34	0.02	65.00	32.70	27.20	28.85	34.20	34.31	2.50	10.00	3.00	0.00	166.00	5.29	6.80
2	37.57	10.62	0.02	65.00	32.60	27.10	28.75	33.80	34.77	2.80	6.00	1.00	0.00	161.00	5.65	6.80
2	37.21	11.96	0.02	65.00	32.70	27.20	28.85	34.00	34.39	2.82	11.00	1.00	0.00	165.00	5.02	5.50
2	37.88	9.15	0.02	65.00	32.60	27.10	28.75	33.60	33.55	4.33	8.00	1.00	0.00	164.00	6.56	5.90
1	37.25	9.70	0.03	74.00	32.70	28.55	29.80	33.60	34.96	2.29	6.00	1.00	4.00	168.00	6.18	0.00
1	36.31	9.60	0.03	69.50	33.00	28.25	29.68	33.60	33.84	2.47	7.00	2.00	5.00	136.00	6.25	0.00
1	36.77	8.04	0.02	69.00	32.50	27.50	29.00	34.20	33.32	3.45	13.00	4.00	7.00	129.00	7.47	0.00
1	36.62	9.07	0.02	67.00	33.00	28.00	29.50	34.60	34.04	2.58	7.00	1.00	4.00	119.00	6.62	0.00
1	36.88	8.57	0.03	74.00	33.25	29.00	30.28	34.80	32.45	4.43	9.00	1.00	4.00	129.00	7.00	0.00
1	37.15	9.05	0.03	71.00	33.00	28.55	29.89	34.60	32.91	4.24	7.00	1.00	4.00	143.00	6.63	0.00
1	36.71	8.28	0.03	69.50	32.90	28.50	29.82	35.20	34.05	2.66	7.00	2.00	5.00	139.00	7.25	0.00
1	37.03	13.33	0.03	72.50	33.10	28.85	30.13	35.60	33.93	3.10	7.00	1.00	4.00	168.00	4.50	0.00
1	36.89	10.00	0.03	69.50	33.00	28.25	29.68	36.40	33.50	3.39	8.00	2.00	5.00	143.00	6.00	0.00
1	37.44	10.20	0.03	69.50	32.90	28.35	29.72	36.80	34.97	2.47	8.00	1.00	5.00	149.00	5.88	0.00
1	36.73	9.81	0.03	71.00	33.00	28.50	29.85	37.60	34.38	2.35	14.00	2.00	5.00	137.00	6.12	0.00
1	37.63	6.68	0.03	71.00	32.90	28.55	29.86	33.40	36.13	1.50	6.00	1.00	4.00	175.00	8.98	0.00
1	37.32	9.76	0.03	71.00	33.00	28.45	29.82	33.20	34.01	3.31	7.00	2.00	5.00	149.00	6.15	0.00
1	37.05	11.88	0.03	70.00	33.00	28.50	29.85	34.80	34.24	2.81	15.00	4.00	7.00	141.00	5.05	0.00
1	36.65	8.72	0.03	70.00	33.00	28.50	29.85	34.40	34.30	2.35	8.00	1.00	4.00	115.00	6.88	0.00
1	37.53	7.52	0.03	71.00	32.95	28.75	30.01	35.20	33.97	3.56	7.00	1.00	4.00	115.00	7.98	0.00
1	37.45	9.94	0.03	71.00	33.10	28.30	29.74	35.40	34.02	3.43	7.00	1.00	4.00	146.00	6.03	0.00
1	36.99	10.00	0.03	71.00	32.90	28.45	29.79	35.60	35.04	1.95	7.00	1.00	5.00	139.00	6.00	0.00
1	37.05	11.36	0.03	71.00	33.00	28.60	29.92	35.60	34.21	2.84	7.00	1.00	4.00	162.00	5.28	0.00
1	37.29	9.63	0.03	71.00	33.15	28.50	29.90	36.40	33.17	4.12	8.00	1.00	5.00	140.00	6.23	0.00
1	37.94	10.34	0.03	69.50	33.05	28.25	29.69	36.60	35.32	2.62	9.00	2.00	5.00	149.00	5.80	0.00
1	37.08	9.86	0.02	67.00	32.95	27.85	29.38	37.40	34.47	2.61	12.00	2.00	5.00	144.00	6.08	0.00
1	37.45	6.94	0.02	57.00	33.40	26.70	28.71	33.60	30.68	6.77	7.00	2.00	4.00	136.00	8.65	6.10
1	37.41	10.78	0.02	52.00	33.50	25.10	27.62	35.80	32.19	5.22	12.00	3.00	5.00	135.00	5.57	7.30
1	36.88	14.94	0.02	52.00	33.10	25.20	27.57	34.40	31.40	5.48	13.00	2.00	5.00	144.00	4.02	6.10
1	36.88	9.89	0.02	57.00	32.90	25.90	28.00	33.20	30.17	6.71	11.00	2.00	5.00	149.00	6.07	6.60
1	37.09	7.96	0.02	52.00	33.10	25.20	27.57	34.20	31.42	5.67	9.00	2.00	5.00	144.00	7.53	5.70
1	37.35	8.37	0.02	50.00	33.20	24.70	27.25	33.60	30.73	6.62	11.00	5.00	3.00	143.00	7.17	6.20
1	37.24	10.88	0.02	57.00	33.50	26.40	28.53	32.80	29.80	7.44	9.00	3.00	5.00	160.00	5.52	5.60
1	37.07	9.11	0.02	52.00	33.70	26.00	28.31	31.40	29.05	8.02	11.00	2.00	4.50	152.00	6.58	5.80
1	37.28	9.00	0.02	55.00	32.90	25.50	27.72	32.40	29.73	7.55	10.00	2.00	4.56	144.00	6.67	8.00
1	37.22	9.16	0.02	57.00	33.10	25.80	27.99	34.60	31.25	5.97	11.00	1.00	4.00	142.00	6.55	6.50
1	37.43	10.43	0.02	42.00	33.20	23.00	26.06	33.60	30.68	6.75	9.00	2.00	4.00	160.00	5.75	5.10
1	37.53	8.31	0.02	57.00	32.90	25.80	26.83	33.60	30.59	6.94	7.00	1.00	5.00	169.00	7.22	6.70
1	37.00	11.80	0.02	52.00	32.90	25.00	27.37	32.80	30.37	6.63	9.00	2.00	4.00	147.00	5.08	6.20
1	36.78	12.16	0.02	50.00	33.30	25.00	27.49	33.80	31.23	5.55	9.75	1.75	4.25	149.00	4.93	5.60
1	36.65	10.37	0.02	55.00	32.90	25.60	27.79	32.80	29.89	6.76	11.00	2.00	5.00	133.00	5.78	6.20
1	37.36	9.63	0.02	55.00	33.50	26.00	28.25	30.20	29.03	8.33	7.00	2.00	4.38	159.00	6.23	5.70
1	37.08	8.96	0.02	55.00	32.80	25.50	27.69	31.60	29.27	7.81	11.00	2.00	4.38	152.00	6.70	5.70
1	37.42	8.67	0.02	55.00	33.50	26.00	28.25	30.20	28.01	9.41	13.00	2.00	2.00	137.00	6.92	6.00
1	36.88	10.00	0.02	55.00	33.15	21.55	25.03	36.20	35.54	1.34	9.00	0.00	1.00	127.00	6.00	5.22
1	36.99	12.50	0.02	55.00	32.95	20.55	24.27	33.60	33.55	3.44	14.00	0.00	1.00	147.00	4.80	4.14
1	36.09	12.33	0.02	55.00	32.85	20.20	24.00	34.20	34.22	1.87	9.00	0.00	1.00	138.00	4.87	5.58
1	36.16	11.15	0.02	55.00	33.25	20.00	23.98	34.80	34.36	1.80	7.00	1.00	2.00	116.00	5.38	4.86
1	36.97	10.65	0.02	55.00	33.35	21.20	24.85	33.80	33.91	3.06	10.00	1.00	2.00	142.00	5.63	5.58
1	37.10	12.63	0.02	55.00	33.20	21.00	24.66	35.80	35.54	1.56	9.00	2.00	4.00	169.00	4.75	5.22
1	36.33	14.06	0.02	55.00	33.45	20.15	24.14	34.00	34.38	1.95	8.00	0.00	1.00	142.00	4.27	6.30
1	37.23	12.95	0.02	55.00	33.20	20.00	23.96	34.60	34.62	2.61	14.00	0.00	3.00	139.00	4.63	5.40
1	37.02	10.03	0.02	55.00	33.60	21.20	24.92	35.20	34.92	2.10	6.00	0.00	2.00	144.00	5.98	6.12
1	36.96	10.34	0.02	55.00	33.00	25.35	27.65	34.40	33.82	3.14	10.00	0.00	1.00	127.00	5.80	4.68
1	36.64	12.29	0.02	55.00	32.45	24.80	27.10	34.50	34.38	2.26	14.00	0.00	0.00	146.00	4.88	4.50
1	36.77	13.28	0.02	55.00	32.65	25.75	27.82	33.80	34.24	2.53	9.00	0.00	2.00	155.00	4.52	3.96
1	36.39	11.15	0.02	55.00	32.75	25.40	27.61	35.60	34.99	1.40	7.00	1.00	2.00	124.00	5.38	4.14
1	37.10	11.21	0.02	55.00	33.10	25.70	27.92	35.80	35.54	1.56	9.00	1.00	2.00	151.00	5.35	5.04
1	36.74	11.84	0.02	55.00	32.95	25.95	28.05	34.80	35.25	1.49	13.00	2.00	3.00	164.00	5.07	5.76
1	36.10	12.86	0.02	55.00	33.30	26.00	28.19	34.40	34.48	1.62	9.00	4.00	4.00	145.00	4.67	4.86
1	37.45	13.85	0.02	55.00	33.60	26.20	28.42	33.20	34.05	3.40	12.00	3.00	4.00	140.00	4.33	5.22
1	36.85	10.65	0.02	55.00	33.20	25.80	28.02	34.60	34.29	2.56	7.00	0.00	0.00	145.00	5.63	5.76
1	36.99	10.98	0.02	55.00	32.95	29.95	30.85	34.20	33.23	3.76	12.00	0.00	1.00	139.00	5.46	4.68
1	36.71	12.59	0.02	55.00	32.75	29.35	30.37	34.60	34.31	2.40	14.00	1.00	1.00	151.00	4.77	4.68
1	36.74	12.77	0.02	55.00	32.60	29.20	30.22	33.40	33.60	3.14	8.00	1.00	2.00	137.00	4.70	4.14
1	36.72	10.32	0.02	55.00	32.65	30.10	30.87	33.60	33.37	3.35	7.00	3.00	4.00	120.00	5.81	4.68
1	37.07	11.88	0.02	55.00	33.50	30.05	31.09	34.60	34.08	2.99	13.00	2.00	3.00	155.00	5.05	5.40
1	37.13	12.54	0.02	55.00	33.35	29.80	30.87	34.80	34.61	2.52	8.00	2.00	3.00	160.00	4.78	4.68
1	36.53	13.33	0.02	55.00	32.80	29.20	30.28	34.40	34.43	2.10	9.00	3.00	4.00	145.00	4.50	5.04
1	37.27	13.33	0.02	55.00	32.65	28.85	29.99	34.00	34.10	3.17	14.00	3.00	4.00	133.00	4.50	6.30
1	36.71	11.18	0.02	55.00	33.20	29.55	30.65	34.60	34.52	2.19	8.00	1.00	2.00	157.00	5.37	5.94
1	36.78	9.16	0.02	65.00	32.60	27.10	28.75	34.00	34.23	2.55	11.00	2.00	0.00	159.00	6.55	6.20
1	36.87	11.15	0.02	68.00	32.40	27.40	28.55	33.40	34.09	2.78	11.00	2.00	0.00	148.00	5.38	6.90
1	37.05	9.18	0.02	62.00	32.60	26.60	28.40	34.80	34.93	2.12	11.00	2.00	0.00	158.00	6.53	6.60
1	37.44	13.53	0.02	65.00	32.80	27.30	28.95	34.40	34.34	3.10	14.00	3.00	0.00	159.00	4.43	4.80
1	36.65	11.54	0.02	66.00	32.90	27.40	29.05	34.60	34.20	2.45	9.00	3.00	0.00	154.00	5.20	6.80
1	37.27	9.68	0.02	62.00	32.60	26.60	28.75	34.60	35.01	2.26	6.00	1.00	0.00	154.00	6.20	6.50
1	36.97	10.75	0.02	65.00	32.60	27.10	28.75	35.20	35.22	1.75	8.00	1.00	0.00	155.00	5.58	5.80
1	37.48	8.78	0.02	65.00	32.70	27.20	28.85	33.40	33.22	4.26	7.00	1.00	0.00	162.00	6.83	6.70
0	37.27	0.03	74.00	32.60	28.30	29.59	33.80	33.89	3.38	6.00	1.00	4.00	82.00	0.00	0.00	0.00
0	36.06	0.02	68.00	33.00	28.00	29.50	35.00	33.51	2.55	6.00	2.00	5.00	79.00	0.00	0.00	0.00
0	36.46	0.02	71.00	32.00	27.00	28.50	35.20	32.03	4.43	6.00	2.00	5.00	50.00	0.00	0.00	0.00
0	36.58	0.02	67.00	33.00	28.00	29.50	34.80	33.56	3.02	6.00	1.00	4.00	54.00	0.00	0.00	0.00
0	36.88	0.03	74.00	33.30	29.00	30.29	35.20	32.43	4.45	6.00	1.00	4.00	76.00	0.00	0.00	0.00
0	36.87	0.03	71.00	33.00	28.40	29.78	35.20	32.98	3.89	6.00	4.00	1.00	72.00	0.00	0.00	0.00
0	36.64	0.02	68.00	33.00	28.00	29.50	36.20	34.34	2.30	6.00	2.00	5.00	70.00	0.00	0.00	0.00
0	36.92	0.03	71.00	33.00	28.80	30.06	36.10	35.11	1.81	6.00	1.00	4.00	78.00	0.00	0.00	0.00
0	36.78	0.03	68.00	33.10	28.00	29.53	36.80	33.47	3.31	6.00	1.00	4.00	80.00	0.00	0.00	0.00
0	37.12	0.02	68.00	32.80	28.00	29.44	36.40	35.09	2.03	6.00	1.00	4.00	82.00	0.00	0.00	0.00
0	36.67	0.03	71.00	33.00	28.50	29.85	36.60	34.02	2.65	6.00	1.00	5.00	76.00	0.00	0.00	0.00
0	37.47	0.03	71.00	32.80	28.40	29.72	36.80	36.35	1.12	6.00	1.00	4.00	89.00	0.00	0.00	0.00
0	37.16	0.03	71.00	32.60	28.50	29.73	35.40	33.25	3.91	6.00	2.00	5.00	69.00	0.00	0.00	0.00
0	37.21	0.02	67.00	33.00	28.00	29.50	35.20	34.22	2.99	6.00	2.00	5.00	62.00	0.00	0.00	0.00
0	36.68	0.03	73.00	33.00	29.00	30.20	36.00	34.89	1.79	6.00	1.00	4.00	62.00	0.00	0.00	0.00
0	37.35	0.03	71.00	33.10	29.00	30.23	36.20	33.85	3.50	6.00	1.00	4.00	67.00	0.00	0.00	0.00
0	37.36	0.03	71.00	33.10	28.10	29.60	35.60	33.91	3.45	6.00	4.00	1.00	74.00	0.00	0.00	0.00
0	36.97	0.03	71.00	32.70	28.20	29.55	36.40	35.13	1.84	6.00	1.00	5.00	59.00	0.00	0.00	0.00
0	36.87	0.03	71.00	32.90	28.30	29.68	36.20	34.71	2.16	6.00	1.00	4.00	67.00	0.00	0.00	0.00
0	37.12	0.03	71.00	33.20	28.50	29.91	36.60	33.22	3.90	6.00	1.00	4.00	72.00	0.00	0.00	0.00
0	37.62	0.02	68.00	33.00	28.20	29.64	36.60	35.09	2.53	6.00	1.00	4.00	56.00	0.00	0.00	0.00
0	36.78	0.02	63.00	33.30	27.50	29.24	36.80	34.57	2.21	6.00	3.00	5.00	53.00	0.00	0.00	0.00
0	37.45	0.02	57.00	33.20	26.30	28.37	35.80	31.67	5.78	6.00	2.00	3.00	77.00	6.30	0.00	0.00
0	37.29	0.02	52.00	33.20	25.00	27.46	36.60	32.64	4.65	6.00	2.00	4.00	62.00	6.90	0.00	0.00
0	36.71	0.02	55.00	32.90	25.70	27.86	34.60	31.29	5.42	6.00	1.00	4.00	68.00	5.80	0.00	0.00
0	36.74	0.02	55.00	32.90	25.40	27.65	35.40	31.93	4.81	6.00	2.00	4.00	84.00	5.50	0.00	0.00
0	37.02	0.02	52.00	33.30	25.60	27.91	35.00	31.72	5.30	6.00	2.00	4.00	62.00	5.90	0.00	0.00
0	37.06	0.02	52.00	33.10	25.00	27.43	35.60	31.77	5.29	6.00	4.00	2.00	79.00	6.20	0.00	0.00
0	37.02	0.02	52.00	33.10	25.20	27.57	34.00	30.79	6.23	6.00	2.00	4.00	72.00	6.10	0.00	0.00
0	36.89	0.02	47.00	33.90	25.00	27.67	32.80	29.71	7.18	6.00	2.00	3.50	64.00	5.90	0.00	0.00
0	37.16	0.02	57.00	33.20	26.00	28.16	33.80	30.52	6.64	6.00	1.00	3.56	84.00	8.60	0.00	0.00
0	36.83	0.02	52.00	33.40	25.40	27.80	35.80	31.57	5.26	6.00	1.00	4.00	78.00	6.80	0.00	0.00
0	37.27	0.02	44.00	33.30	22.20	25.53	34.60	31.35	5.92	6.00	2.00	4.00	68.00	5.40	0.00	0.00
0	37.36	0.02	55.00	33.50	26.00	28.25	35.20	31.03	6.33	6.00	1.00	4.00	80.00	6.60	0.00	0.00
0	36.57	0.02	50.00	32.80	24.50	26.99	34.60	31.44	5.13	6.00	1.00	2.00	67.00	6.20	0.00	0.00
0	36.67	0.02	52.00	32.50	25.70	27.74	33.40	30.49	6.18	6.00	1.38	3.50	69.00	6.70	0.00	0.00
0	36.63	0.02	55.00	33.10	25.60	27.85	34.20	30.93	5.70	6.00	1.00	4.00	47.00	6.30	0.00	0.00
0	37.13	0.02	57.00	33.20	26.00	28.16	30.40	29.61	7.52	6.00	2.00	3.58	84.00	6.10	0.00	0.00
0	36.78	0.02	52.00	33.00	25.00	27.40	32.60	28.80	7.98	6.00	2.00	3.58	67.00	6.20	0.00	0.00
0	37.31	0.02	57.00	33.10	25.80	27.99	30.40	28.30	9.01	6.00	1.00	1.00	72.00	5.80	0.00	0.00
0	36.83	0.01	33.00	33.10	21.10	24.70	35.80	35.00	1.83	6.00	0.00	0.00	62.00	5.04	0.00	0.00
0	36.96	0.01	29.00	32.70	19.60	23.53	33.80	33.94	3.02	6.00	0.00	0.00	66.00	4.32	0.00	0.00
0	36.04	0.01	27.00	32.70	19.20	23.25	34.40	34.26	1.78	6.00	0.00	0.00	69.00	5.40	0.00	0.00
0	35.71	0.01	25.00	33.50	19.60	23.77	33.40	33.16	2.55	6.00	0.00	2.00	57.00	4.68	0.00	0.00
0	36.79	0.01	29.00	33.30	20.50	24.34	36.80	35.60	1.19	6.00	1.00	2.00	63.00	5.40	0.00	0.00
0	36.90	0.01	29.00	33.30	20.30	24.20	36.80	36.27	0.63	6.00	0.00	2.00	89.00	5.04	0.00	0.00
0	36.31	0.01	25.00	33.70	19.70	23.90	35.00	35.19	1.12	6.00	0.00	1.00	75.00	5.76	0.00	0.00
0	36.99	0.01	23.00	33.50	19.10	23.42	36.40	35.94	1.05	6.00	0.00	2.00	63.00	5.04	0.00	0.00
0	36.84	0.01	28.00	33.80	20.40	24.42	35.80	35.56	1.28	6.00	0.00	4.00	68.00	5.76	0.00	0.00
0	36.94	0.02	55.00	33.00	25.40	27.68	34.60	33.93	3.01	6.00	0.00	1.00	61.00	5.04	0.00	0.00
0	36.52	0.02	54.00	32.30	25.00	27.19	33.90	33.79	2.73	6.00	0.00	0.00	58.00	4.68	0.00	0.00
0	36.27	0.02	57.00	32.50	25.60	27.67	34.20	34.43	1.84	6.00	0.00	1.00	79.00	4.68	0.00	0.00
0	36.26	0.02	55.00	32.70	25.30	27.52	35.20	34.80	1.46	6.00	1.00	2.00	79.00	4.32	0.00	0.00
0	36.90	0.02	55.00	33.20	25.50	27.81	36.80	36.27	0.63	6.00	1.00	2.00	68.00	4.68	0.00	0.00
0	36.55	0.02	57.00	33.00	25.90	28.03	36.40	36.18	0.37	6.00	0.00	1.00	78.00	5.40	0.00	0.00
0	36.08	0.02	55.00	33.20	25.80	28.02	35.20	34.66	1.42	6.00	0.00	2.00	57.00	5.04	0.00	0.00
0	37.33	0.02	55.00	33.40	26.00	28.22	35.40	35.66	1.67	6.00	1.00	3.00	76.00	5.04	0.00	0.00
0	36.74	0.02	55.00	33.40	25.80	28.08	35.60	35.28	1.46	6.00	0.00	2.00	65.00	5.40	0.00	0.00
0	36.91	0.03	80.00	32.50	29.40	30.33	34.20	33.11	3.80	6.00	0.00	0.00	57.00	4.68	0.00	0.00
0	36.69	0.03	77.00	32.60	29.20	30.22	34.20	34.02	2.67	6.00	0.00	0.00	80.00	4.68	0.00	0.00
0	36.63	0.03	77.00	32.40	29.00	30.02	32.60	33.11	3.52	6.00	0.00	1.00	84.00	4.32	0.00	0.00
0	36.54	0.03	83.00	32.30	29.60	30.41	33.60	33.29	3.25	6.00	2.00	4.00	68.00	4.68	0.00	0.00
0	36.88	0.03	78.00	33.70	30.20	31.25	35.60	35.44	1.44	6.00	2.00	3.00	62.00	5.40	0.00	0.00
0	36.94	0.03	74.00	33.20	29.40	30.54	35.80	35.45	1.49	6.00	2.00	4.00	94.00	4.68	0.00	0.00
0	36.43	0.03	74.00	32.70	28.90	30.04	34.60	34.40	2.03	6.00	2.00	4.00	70.00	5.04	0.00	0.00
0	37.11	0.03	74.00	32.50	28.50	29.70	35.40	35.29	1.82	6.00	3.00	4.00	64.00	5.76	0.00	0.00
0	36.62	0.03	77.00	33.30	29.80	30.85	35.80	35.43	1.19	6.00	0.00	1.00	62.00	5.40	0.00	0.00
0	36.47	0.02	65.00	32.50	27.00	28.65	34.20	34.19	2.28	6.00	2.00	0.00	94.00	7.20	0.00	0.00
0	36.65	0.02	65.00	32.60	27.10	29.10	35.60	34.89	1.76	6.00	2.00	0.00	78.00	7.00	0.00	0.00
0	36.92	0.02	62.00	32.40	26.40	28.20	34.60	34.50	2.42	6.00	1.00	0.00	90.00	6.00	0.00	0.00
0	37.27	0.02	62.00	32.70	26.70	28.50	34.40	34.14	3.13	6.00	2.00	0.00	77.00	5.40	0.00	0.00
0	36.47	0.02	66.00	32.30	26.80	28.45	33.40	33.28	3.19	6.00	2.00	0.00	65.00	6.90	0.00	0.00
0	37.06	0.02	65.00	32.40	26.90	28.55	35.20	35.32	1.74	6.00	1.00	0.00	86.00	7.00	0.00	0.00
0	36.74	0.02	65.00	32.70	27.20	28.85	34.20	33.67	3.07	6.00	1.00	0.00	73.00	6.40	0.00	0.00
0	37.00	0.02	65.00	32.70	27.20	28.85	34.60	33.55	3.45	6.00	1.00	0.00	95.00	7.00	0.00	0.00