trial_id,km,ambiente_seca,ambiente_umida,ct,fc,ibutg,interna,interna_pele,pacing,pele,pse,st,tpeito,umidade_absoluta,umidade_relativa,velocidade,vento
0,1,32.70,28.55,1.00,168.00,29.80,37.25,2.29,6.18,34.96,6.00,4.00,33.60,0.03,74.00,9.70,0.00
0,2,32.80,28.80,1.00,178.00,30.00,37.75,2.60,6.00,35.15,7.00,4.00,32.60,0.03,74.00,10.00,0.00
0,3,32.90,28.55,1.00,180.00,29.86,38.23,3.10,5.97,35.13,8.00,5.00,34.20,0.03,71.00,10.06,0.00
0,4,33.00,28.30,1.00,187.00,29.71,38.70,3.51,5.95,35.19,9.00,4.00,32.60,0.02,68.00,10.09,0.00
0,5,33.00,28.40,1.00,190.00,29.78,39.14,3.68,5.93,35.46,10.00,5.00,33.40,0.03,69.50,10.11,0.00
0,6,33.00,28.50,1.00,192.00,29.85,39.59,3.66,5.94,35.93,12.00,5.00,35.20,0.03,71.00,10.09,0.00
0,7,33.00,28.25,2.00,194.00,29.68,39.93,3.90,5.92,36.03,13.00,5.00,35.80,0.03,69.50,10.14,0.00
0,8,33.00,28.00,2.00,193.00,29.50,40.26,3.93,5.98,36.33,15.00,5.00,33.60,0.02,68.00,10.03,0.00
0,9,33.00,28.05,2.00,195.00,29.54,40.52,4.36,6.00,36.16,16.00,6.00,35.40,0.02,68.00,10.00,0.00
0,10,33.00,28.10,2.00,199.00,29.57,40.75,4.64,5.97,36.11,18.00,6.00,35.00,0.02,68.00,10.06,0.00
1,1,33.00,28.25,2.00,136.00,29.68,36.31,2.47,6.25,33.84,7.00,5.00,33.60,0.03,69.50,9.60,0.00
1,2,33.00,28.50,2.00,143.00,29.85,36.70,2.66,6.23,34.04,7.00,5.00,33.00,0.03,71.00,9.64,0.00
1,3,33.05,28.45,3.00,146.00,29.83,37.19,2.73,6.22,34.46,9.00,5.00,34.20,0.03,71.00,9.64,0.00
1,4,33.10,28.40,3.00,152.00,29.81,37.56,3.44,6.20,34.12,10.00,6.00,31.60,0.03,71.00,9.68,0.00
1,5,33.05,28.45,3.00,156.00,29.83,38.01,3.24,6.20,34.77,13.00,6.00,32.20,0.03,71.00,9.68,0.00
1,6,33.00,28.50,3.00,164.00,29.85,38.35,3.68,6.21,34.67,14.00,6.00,34.00,0.03,71.00,9.67,0.00
1,7,33.00,28.70,3.00,169.00,29.99,38.59,3.55,6.17,35.04,15.00,7.00,34.20,0.03,71.00,9.73,0.00
1,8,33.00,28.90,3.00,169.00,30.13,38.89,4.12,6.15,34.77,15.00,7.00,33.40,0.03,71.00,9.75,0.00
1,9,33.00,28.70,4.00,179.00,29.99,39.19,3.86,6.14,35.33,17.00,7.00,35.40,0.03,71.00,9.77,0.00
1,10,33.00,28.50,4.00,188.00,29.85,39.55,4.44,6.09,35.11,17.00,7.00,34.80,0.03,71.00,9.85,0.00
2,1,32.50,27.50,4.00,129.00,29.00,36.77,3.45,7.47,33.32,13.00,7.00,34.20,0.02,69.00,8.04,0.00
2,2,33.00,28.00,4.00,137.00,29.50,36.73,3.48,6.85,33.25,14.00,7.00,33.00,0.02,67.00,8.76,0.00
2,3,33.50,28.00,4.00,145.00,29.65,37.03,2.78,6.63,34.25,14.00,7.00,34.40,0.02,64.50,9.05,0.00
2,4,34.00,28.00,4.00,145.00,29.80,37.55,3.19,6.43,34.36,16.00,7.00,32.80,0.02,62.00,9.33,0.00
2,5,33.50,28.50,4.00,137.00,30.00,37.87,3.44,6.48,34.43,16.00,7.00,32.60,0.03,67.00,9.26,0.00
2,6,33.00,29.00,4.00,137.00,30.20,38.12,2.69,6.46,35.43,17.00,7.00,35.80,0.03,72.00,9.28,0.00
2,7,33.00,29.00,4.00,144.00,30.20,38.42,3.06,6.51,35.36,17.00,7.00,35.20,0.03,72.50,9.22,0.00
2,8,33.00,29.00,4.00,154.00,30.20,38.58,2.93,6.48,35.65,18.00,7.00,33.40,0.03,73.00,9.26,0.00
2,9,33.00,29.00,4.00,155.00,30.20,38.84,3.87,6.55,34.97,18.00,7.00,35.40,0.03,73.00,9.16,0.00
2,10,33.00,29.00,4.00,155.00,30.20,38.90,3.32,6.50,35.58,20.00,7.00,35.20,0.03,73.00,9.23,0.00
3,1,33.00,28.00,1.00,119.00,29.50,36.62,2.58,6.62,34.04,7.00,4.00,34.60,0.02,67.00,9.07,0.00
3,2,33.00,28.00,1.00,134.00,29.50,36.96,2.25,6.48,34.71,9.00,4.00,34.00,0.02,67.00,9.25,0.00
3,3,33.00,28.50,2.00,134.00,29.85,37.19,1.83,6.11,35.36,9.00,5.00,34.80,0.03,70.00,9.82,0.00
3,4,33.00,29.00,2.00,143.00,30.20,37.53,2.08,6.03,35.45,11.00,5.00,33.00,0.03,73.00,9.96,0.00
3,5,33.00,29.00,3.00,143.00,30.20,37.98,2.49,6.00,35.49,13.00,6.00,33.20,0.03,73.00,10.00,0.00
3,6,33.00,29.00,3.00,148.00,30.20,38.36,3.13,6.00,35.23,14.00,6.00,35.60,0.03,73.00,10.00,0.00
3,7,33.00,29.00,3.00,149.00,30.20,38.72,2.64,5.98,36.08,15.00,6.00,34.60,0.03,73.00,10.04,0.00
3,8,33.00,29.00,3.00,156.00,30.20,39.06,3.08,5.97,35.98,15.00,6.00,33.60,0.03,73.00,10.05,0.00
3,9,33.00,28.50,4.00,158.00,29.85,39.39,3.43,5.96,35.96,18.00,7.00,35.20,0.03,70.00,10.07,0.00
3,10,33.00,28.00,4.00,164.00,29.50,39.72,3.67,5.91,36.05,19.00,7.00,35.60,0.02,67.00,10.15,0.00
4,1,33.25,29.00,1.00,129.00,30.28,36.88,4.43,7.00,32.45,9.00,4.00,34.80,0.03,74.00,8.57,0.00
4,2,33.20,29.00,1.00,150.00,30.26,37.17,3.14,6.83,34.03,10.00,4.00,35.00,0.03,74.00,8.79,0.00
4,3,33.10,28.75,1.00,152.00,30.06,37.44,3.71,6.45,33.73,10.00,5.00,35.20,0.03,72.50,9.30,0.00
4,4,33.00,28.50,2.00,165.00,29.85,37.84,3.58,6.25,34.26,11.00,5.00,34.20,0.03,71.00,9.60,0.00
4,5,33.05,28.75,3.00,168.00,30.04,38.04,3.79,6.00,34.25,12.00,5.00,32.80,0.03,72.50,9.99,0.00
4,6,33.10,29.00,3.00,163.00,30.23,38.40,4.29,5.99,34.11,13.00,5.00,35.20,0.03,74.00,10.02,0.00
4,7,33.20,29.00,3.00,168.00,30.26,38.68,4.44,5.91,34.24,15.00,5.00,34.80,0.03,74.00,10.16,0.00
4,8,33.30,29.00,3.00,167.00,30.29,39.05,4.64,5.88,34.41,15.00,5.00,33.60,0.03,74.00,10.20,0.00
4,9,33.15,29.00,4.00,163.00,30.25,39.33,4.51,6.04,34.82,17.00,5.00,35.40,0.03,74.00,9.93,0.00
4,10,33.00,29.00,4.00,169.00,30.20,39.65,4.97,6.20,34.68,19.00,6.00,36.40,0.03,74.00,9.67,0.00
5,1,33.00,28.55,1.00,143.00,29.89,37.15,4.24,6.63,32.91,7.00,4.00,34.60,0.03,71.00,9.05,0.00
5,2,33.00,28.70,1.00,140.00,29.99,37.60,5.06,6.31,32.54,7.00,4.00,35.00,0.03,71.00,9.51,0.00
5,3,33.00,28.65,1.00,146.00,29.96,37.82,5.06,5.96,32.76,9.00,5.00,35.00,0.03,71.00,10.07,0.00
5,4,33.00,28.60,2.00,146.00,29.92,37.98,5.49,5.79,32.49,9.00,5.00,35.20,0.03,71.00,10.37,0.00
5,5,32.95,28.55,1.00,155.00,29.87,38.29,5.26,5.64,33.03,9.00,4.00,32.80,0.03,71.00,10.63,0.00
5,6,32.90,28.50,2.00,156.00,29.82,38.75,5.76,5.53,32.99,13.00,6.00,35.80,0.03,71.00,10.85,0.00
5,7,32.90,28.50,1.00,168.00,29.82,39.06,6.01,5.44,33.05,13.00,6.00,35.40,0.03,71.00,11.03,0.00
5,8,32.90,28.50,3.00,171.00,29.82,39.44,7.02,5.28,32.42,11.00,6.00,33.80,0.03,71.00,11.36,0.00
5,9,32.95,28.50,3.00,180.00,29.84,39.76,6.96,5.20,32.80,11.00,6.00,35.20,0.03,71.00,11.55,0.00
5,10,33.00,28.50,2.00,186.00,29.85,40.06,7.14,5.13,32.92,11.00,5.00,36.20,0.03,71.00,11.69,0.00
6,1,32.90,28.50,2.00,139.00,29.82,36.71,2.66,7.25,34.05,7.00,5.00,35.20,0.03,69.50,8.28,0.00
6,2,32.80,29.00,2.00,144.00,30.14,37.09,1.40,6.95,35.69,9.00,5.00,36.00,0.03,71.00,8.63,0.00
6,3,32.85,28.75,2.00,156.00,29.98,37.50,2.29,6.69,35.21,11.00,5.00,34.40,0.03,71.00,8.97,0.00
6,4,32.90,28.50,2.00,159.00,29.82,37.83,2.74,6.41,35.09,12.00,5.00,34.60,0.03,71.00,9.36,0.00
6,5,32.95,28.50,2.00,161.00,29.84,38.13,2.41,6.20,35.72,12.00,5.00,33.20,0.03,71.00,9.68,0.00
6,6,33.00,28.50,3.00,167.00,29.85,38.46,2.65,6.01,35.81,13.00,6.00,36.00,0.03,71.00,9.99,0.00
6,7,32.95,28.35,3.00,173.00,29.73,38.78,2.67,5.89,36.11,16.00,6.00,35.80,0.03,69.50,10.18,0.00
6,8,32.90,28.20,3.00,174.00,29.61,39.08,2.56,5.80,36.52,16.00,6.00,34.20,0.02,68.00,10.34,0.00
6,9,32.95,28.35,3.00,184.00,29.73,39.45,2.81,5.70,36.64,17.00,6.00,35.20,0.03,69.50,10.52,0.00
6,10,33.00,28.50,4.00,199.00,29.85,39.70,3.06,5.55,36.64,19.00,6.00,36.20,0.03,71.00,10.82,0.00
7,1,33.10,28.85,1.00,168.00,30.13,37.03,3.10,4.50,33.93,7.00,4.00,35.60,0.03,72.50,13.33,0.00
7,2,33.20,28.90,1.00,179.00,30.19,37.18,2.36,4.43,34.82,9.00,4.00,36.00,0.03,74.00,13.56,0.00
7,3,33.15,28.75,2.00,188.00,30.07,37.41,3.10,4.37,34.31,10.00,5.00,35.80,0.03,74.00,13.74,0.00
7,4,33.10,28.60,2.00,189.00,29.95,37.74,2.75,4.43,34.99,11.00,5.00,34.20,0.03,74.00,13.56,0.00
7,5,33.10,28.80,2.00,180.00,30.09,38.14,2.98,4.48,35.16,12.00,5.00,33.20,0.03,74.00,13.40,0.00
7,6,33.10,29.00,2.00,176.00,30.23,38.58,3.14,4.52,35.44,14.00,6.00,36.20,0.03,74.00,13.27,0.00
7,7,33.05,28.50,3.00,166.00,29.87,39.06,3.37,4.69,35.69,15.00,6.00,35.80,0.03,71.00,12.79,0.00
7,8,33.00,28.00,3.00,186.00,29.50,39.53,4.24,4.76,35.29,15.00,7.00,34.80,0.02,68.00,12.59,0.00
7,9,33.00,28.00,4.00,174.00,29.50,39.91,4.10,4.78,35.81,17.00,6.00,35.80,0.02,68.00,12.56,0.00
7,10,33.00,28.00,4.00,191.00,29.50,40.38,3.77,4.91,36.61,19.00,6.00,36.20,0.02,68.00,12.22,0.00
8,1,33.00,28.25,2.00,143.00,29.68,36.89,3.39,6.00,33.50,8.00,5.00,36.40,0.03,69.50,10.00,0.00
8,2,32.90,28.50,2.00,150.00,29.82,37.13,3.31,5.94,33.82,8.00,5.00,36.80,0.03,71.00,10.10,0.00
8,3,33.05,28.55,2.00,158.00,29.90,37.41,3.47,5.71,33.94,9.00,5.00,35.60,0.03,71.00,10.52,0.00
8,4,33.20,28.60,3.00,162.00,29.98,37.72,3.68,5.68,34.04,12.00,5.00,34.40,0.03,71.00,10.57,0.00
8,5,33.15,28.50,3.00,165.00,29.90,38.01,3.82,5.66,34.19,13.00,5.00,33.40,0.03,71.00,10.61,0.00
8,6,33.10,28.40,3.00,173.00,29.81,38.32,3.81,5.63,34.51,15.00,5.00,36.60,0.03,71.00,10.66,0.00
8,7,33.05,28.35,3.00,176.00,29.76,38.54,3.58,5.62,34.96,16.00,6.00,35.40,0.03,71.00,10.67,0.00
8,8,33.00,28.30,3.00,180.00,29.71,38.80,3.79,5.61,35.01,16.00,6.00,35.20,0.03,71.00,10.69,0.00
8,9,33.05,28.35,4.00,186.00,29.76,39.04,3.68,5.58,35.36,18.00,6.00,36.60,0.03,71.00,10.75,0.00
8,10,33.10,28.40,4.00,187.00,29.81,39.26,3.67,5.54,35.59,18.00,7.00,36.20,0.03,71.00,10.83,0.00
9,1,32.90,28.35,1.00,149.00,29.72,37.44,2.47,5.88,34.97,8.00,5.00,36.80,0.03,69.50,10.20,0.00
9,2,33.00,28.70,2.00,161.00,29.99,37.86,2.99,6.51,34.87,10.00,5.00,35.60,0.03,71.00,9.22,0.00
9,3,33.00,28.60,2.00,168.00,29.92,38.27,2.97,6.42,35.30,11.00,5.00,35.20,0.03,71.00,9.35,0.00
9,4,33.00,28.50,2.00,172.00,29.85,38.65,2.92,6.34,35.73,12.00,5.00,34.80,0.03,71.00,9.46,0.00
9,5,33.05,28.50,2.00,173.00,29.87,38.97,3.36,6.30,35.61,13.00,6.00,33.40,0.03,71.00,9.53,0.00
9,6,33.10,28.50,3.00,176.00,29.88,39.31,3.36,6.27,35.95,14.00,6.00,36.80,0.03,71.00,9.57,0.00
9,7,33.10,28.50,3.00,179.00,29.88,39.60,3.39,6.29,36.21,14.00,6.00,35.40,0.03,71.00,9.55,0.00
9,8,33.10,28.50,3.00,181.00,29.88,39.86,3.26,6.30,36.60,15.00,7.00,35.20,0.03,71.00,9.52,0.00
9,9,33.05,28.50,4.00,182.00,29.87,40.12,3.44,6.30,36.68,16.00,7.00,36.20,0.03,71.00,9.52,0.00
9,10,33.00,28.50,4.00,185.00,29.85,40.44,3.47,6.27,36.97,17.00,7.00,36.80,0.03,71.00,9.57,0.00
10,1,33.00,28.50,2.00,137.00,29.85,36.73,2.35,6.12,34.38,14.00,5.00,37.60,0.03,71.00,9.81,0.00
10,2,33.00,28.50,2.00,146.00,29.85,37.02,2.05,5.97,34.97,14.00,5.00,36.20,0.03,71.00,10.06,0.00
10,3,33.00,28.50,2.00,149.00,29.85,37.37,2.24,5.89,35.13,15.00,5.00,36.80,0.03,71.00,10.18,0.00
10,4,33.00,28.50,3.00,159.00,29.85,37.87,2.18,5.86,35.69,15.00,6.00,35.60,0.03,71.00,10.23,0.00
10,5,32.95,28.40,4.00,159.00,29.77,38.31,2.33,5.83,35.98,15.00,6.00,33.00,0.03,71.00,10.29,0.00
10,6,32.90,28.30,4.00,161.00,29.68,38.75,2.81,5.84,35.94,16.00,7.00,37.20,0.03,71.00,10.27,0.00
10,7,32.80,28.45,4.00,164.00,29.76,39.12,3.51,5.86,35.61,18.00,7.00,36.20,0.03,71.00,10.24,0.00
10,8,32.70,28.60,4.00,160.00,29.83,39.40,3.66,5.99,35.74,18.00,7.00,36.00,0.03,71.00,10.02,0.00
10,9,32.90,28.80,4.00,141.00,30.03,39.65,3.45,6.09,36.20,19.00,7.00,37.40,0.03,72.50,9.85,0.00
10,10,33.10,29.00,4.00,185.00,30.23,39.80,4.28,5.99,35.52,20.00,7.00,36.20,0.03,74.00,10.01,0.00
11,1,32.90,28.55,1.00,175.00,29.86,37.63,1.50,8.98,36.13,6.00,4.00,33.40,0.03,71.00,6.68,0.00
11,2,33.00,28.70,1.00,181.00,29.99,38.18,2.68,4.95,35.50,7.00,4.00,34.20,0.03,71.00,12.12,0.00
11,3,32.90,28.35,1.00,184.00,29.72,39.04,3.34,4.94,35.70,9.00,5.00,35.20,0.03,69.50,12.15,0.00
11,4,32.80,28.00,1.00,182.00,29.44,39.18,3.55,5.11,35.63,10.00,4.00,33.60,0.02,68.00,11.74,0.00
11,5,32.95,28.20,1.00,185.00,29.63,39.45,3.46,5.25,35.99,11.00,5.00,34.00,0.03,69.50,11.44,0.00
11,6,33.10,28.40,1.00,186.00,29.81,39.90,4.14,5.33,35.76,13.00,5.00,36.20,0.03,71.00,11.25,0.00
11,7,33.15,28.70,2.00,183.00,30.04,40.12,4.02,5.39,36.10,14.00,5.00,34.80,0.03,72.50,11.14,0.00
11,8,33.20,29.00,2.00,190.00,30.26,40.36,4.60,5.47,35.76,16.00,5.00,33.40,0.03,74.00,10.98,0.00
11,9,33.05,28.50,2.00,188.00,29.87,40.38,3.89,5.54,36.49,16.00,6.00,35.20,0.03,72.50,10.82,0.00
11,10,32.90,28.00,2.00,196.00,29.47,40.70,4.45,5.51,36.25,18.00,6.00,35.40,0.03,71.00,10.89,0.00
12,1,33.00,28.45,2.00,149.00,29.82,37.32,3.31,6.15,34.01,7.00,5.00,33.20,0.03,71.00,9.76,0.00
12,2,33.40,28.40,2.00,153.00,29.90,37.56,2.42,5.61,35.14,9.00,5.00,34.80,0.03,71.00,10.70,0.00
12,3,33.40,28.65,3.00,158.00,30.08,37.80,3.07,5.65,34.73,11.00,5.00,34.40,0.03,71.00,10.62,0.00
12,4,33.40,28.90,3.00,162.00,30.25,38.20,2.85,5.69,35.35,13.00,6.00,32.00,0.03,71.00,10.55,0.00
12,5,33.20,28.70,3.00,169.00,30.05,38.54,2.80,5.63,35.74,15.00,6.00,33.60,0.03,71.00,10.65,0.00
12,6,33.00,28.50,4.00,173.00,29.85,38.84,2.78,5.67,36.06,15.00,6.00,35.00,0.03,71.00,10.59,0.00
12,7,33.10,28.60,4.00,179.00,29.95,39.20,3.02,5.67,36.18,17.00,7.00,34.00,0.03,71.00,10.59,0.00
12,8,33.20,28.70,4.00,183.00,30.05,39.54,2.62,5.73,36.92,17.00,7.00,33.20,0.03,71.00,10.47,0.00
12,9,33.15,28.65,4.00,188.00,30.00,39.56,2.62,5.70,36.94,19.00,7.00,35.20,0.03,71.00,10.52,0.00
12,10,33.10,28.60,4.00,188.00,29.95,40.23,3.71,5.68,36.52,19.00,7.00,34.60,0.03,71.00,10.56,0.00
13,1,33.00,28.50,4.00,141.00,29.85,37.05,2.81,5.05,34.24,15.00,7.00,34.80,0.03,70.00,11.88,0.00
13,2,33.00,29.00,4.00,146.00,30.20,37.38,2.54,5.50,34.84,16.00,7.00,35.20,0.03,73.00,10.91,0.00
13,3,33.00,29.00,4.00,144.00,30.20,37.88,2.89,5.32,34.99,17.00,7.00,34.40,0.03,73.00,11.29,0.00
13,4,33.00,29.00,4.00,141.00,30.20,38.19,2.79,5.40,35.40,17.00,7.00,32.20,0.03,73.00,11.12,0.00
13,5,33.00,28.50,4.00,138.00,29.85,38.20,3.59,5.54,34.61,17.00,7.00,33.60,0.03,70.00,10.82,0.00
13,6,33.00,28.00,4.00,139.00,29.50,38.49,3.38,5.67,35.11,18.00,7.00,35.20,0.02,67.00,10.58,0.00
13,7,33.00,28.50,4.00,141.00,29.85,38.67,3.56,5.88,35.11,18.00,7.00,34.20,0.03,70.00,10.20,0.00
13,8,33.00,29.00,4.00,147.00,30.20,38.76,3.95,6.04,34.81,18.00,7.00,33.80,0.03,73.00,9.93,0.00
13,9,33.00,28.50,4.00,133.00,29.85,38.76,4.03,6.18,34.73,19.00,7.00,35.20,0.03,70.00,9.71,0.00
13,10,33.00,28.00,4.00,169.00,29.50,38.73,3.31,6.24,35.42,20.00,7.00,35.60,0.02,67.00,9.62,0.00
14,1,33.00,28.50,1.00,115.00,29.85,36.65,2.35,6.88,34.30,8.00,4.00,34.40,0.03,70.00,8.72,0.00
14,2,33.00,28.00,1.00,127.00,29.50,36.90,2.19,6.58,34.71,9.00,4.00,34.80,0.02,67.00,9.11,0.00
14,3,33.00,28.50,2.00,131.00,29.85,37.20,2.34,6.47,34.86,10.00,5.00,34.60,0.03,70.00,9.27,0.00
14,4,33.00,29.00,2.00,142.00,30.20,37.52,2.02,6.34,35.50,11.00,5.00,33.20,0.03,73.00,9.46,0.00
14,5,33.00,28.50,2.00,141.00,29.85,37.85,2.52,6.25,35.33,12.00,6.00,34.20,0.03,70.00,9.60,0.00
14,6,33.00,28.00,3.00,151.00,29.50,38.18,2.66,6.17,35.52,14.00,6.00,34.80,0.02,67.00,9.73,0.00
14,7,33.00,28.50,3.00,151.00,29.85,38.39,2.42,6.14,35.97,15.00,6.00,34.80,0.03,70.00,9.78,0.00
14,8,33.00,29.00,3.00,157.00,30.20,38.65,2.72,6.09,35.93,16.00,6.00,33.80,0.03,73.00,9.85,0.00
14,9,33.00,29.00,3.00,162.00,30.20,38.91,3.58,6.06,35.33,17.00,7.00,35.20,0.03,73.00,9.91,0.00
14,10,33.00,29.00,4.00,168.00,30.20,39.09,3.03,5.95,36.06,20.00,7.00,36.60,0.03,73.00,10.09,0.00
15,1,32.95,28.75,1.00,115.00,30.01,37.53,3.56,7.98,33.97,7.00,4.00,35.20,0.03,71.00,7.52,0.00
15,2,32.80,28.50,1.00,123.00,29.79,37.77,4.73,7.88,33.04,8.00,4.00,35.80,0.03,71.00,7.61,0.00
15,3,32.95,28.55,2.00,134.00,29.87,38.00,4.95,7.79,33.05,10.00,5.00,35.40,0.03,71.00,7.70,0.00
15,4,33.10,28.60,2.00,134.00,29.95,38.24,5.63,7.69,32.61,11.00,5.00,33.40,0.03,71.00,7.80,0.00
15,5,33.15,28.55,2.00,137.00,29.93,38.42,5.11,7.78,33.31,11.00,5.00,35.60,0.03,71.00,7.72,0.00
15,6,33.20,28.50,3.00,137.00,29.91,38.60,5.79,7.51,32.81,12.00,5.00,35.80,0.03,71.00,7.99,0.00
15,7,33.15,28.55,3.00,138.00,29.93,38.74,5.75,7.45,32.99,13.00,5.00,35.20,0.03,71.00,8.05,0.00
15,8,33.10,28.60,3.00,144.00,29.95,38.91,6.37,7.38,32.54,13.00,5.00,33.60,0.03,71.00,8.13,0.00
15,9,33.10,28.60,3.00,149.00,29.95,38.98,5.80,7.28,33.18,14.00,5.00,35.40,0.03,71.00,8.24,0.00
15,10,33.10,28.60,4.00,171.00,29.95,39.15,5.92,7.00,33.23,17.00,6.00,35.40,0.03,71.00,8.57,0.00
16,1,33.10,28.30,1.00,146.00,29.74,37.45,3.43,6.03,34.02,7.00,4.00,35.40,0.03,71.00,9.94,0.00
16,2,33.10,28.50,1.00,154.00,29.88,37.60,3.99,5.42,33.61,7.00,4.00,35.40,0.03,71.00,11.08,0.00
16,3,33.15,28.80,1.00,152.00,30.11,38.00,4.16,5.25,33.84,9.00,5.00,35.40,0.03,72.50,11.43,0.00
16,4,33.20,29.10,2.00,167.00,30.33,38.36,4.97,5.08,33.39,9.00,5.00,33.20,0.03,74.00,11.80,0.00
16,5,33.15,28.85,1.00,174.00,30.14,38.71,4.84,4.96,33.87,9.00,4.00,34.20,0.03,72.50,12.10,0.00
16,6,33.10,28.60,2.00,177.00,29.95,39.07,5.51,4.88,33.56,13.00,6.00,35.40,0.03,71.00,12.31,0.00
16,7,33.10,28.60,1.00,185.00,29.95,40.08,5.77,4.80,34.31,13.00,6.00,35.00,0.03,71.00,12.50,0.00
16,8,33.10,28.60,3.00,174.00,29.95,40.08,6.65,4.69,33.43,11.00,6.00,34.20,0.03,71.00,12.80,0.00
16,9,32.95,28.40,3.00,173.00,29.77,40.25,6.07,4.69,34.18,11.00,6.00,35.80,0.03,71.00,12.80,0.00
16,10,32.80,28.20,2.00,173.00,29.58,40.48,6.67,4.69,33.81,11.00,5.00,36.80,0.03,71.00,12.79,0.00
17,1,32.90,28.45,1.00,139.00,29.79,36.99,1.95,6.00,35.04,7.00,5.00,35.60,0.03,71.00,10.00,0.00
17,2,33.10,28.70,2.00,154.00,30.02,37.22,2.31,5.76,34.91,7.00,5.00,35.80,0.03,71.00,10.42,0.00
17,3,33.20,28.80,2.00,161.00,30.12,37.46,2.59,5.66,34.87,8.00,5.00,35.60,0.03,72.50,10.61,0.00
17,4,33.30,28.90,2.00,172.00,30.22,37.74,1.98,5.49,35.76,11.00,5.00,33.00,0.03,74.00,10.93,0.00
17,5,33.20,28.70,3.00,176.00,30.05,38.06,2.55,5.37,35.51,12.00,5.00,34.40,0.03,72.50,11.17,0.00
17,6,33.10,28.50,3.00,181.00,29.88,38.52,2.98,5.29,35.54,12.00,6.00,35.80,0.03,71.00,11.35,0.00
17,7,33.00,28.50,3.00,184.00,29.85,38.97,3.41,5.23,35.56,15.00,6.00,35.00,0.03,71.00,11.48,0.00
17,8,32.90,28.50,3.00,184.00,29.82,39.10,2.83,5.21,36.27,15.00,6.00,34.20,0.03,71.00,11.51,0.00
17,9,33.00,28.55,3.00,194.00,29.89,39.19,3.22,5.17,35.97,16.00,6.00,35.80,0.03,71.00,11.61,0.00
17,10,33.10,28.60,4.00,193.00,29.95,39.43,2.85,5.08,36.58,18.00,6.00,35.40,0.03,71.00,11.81,0.00
18,1,33.00,28.60,1.00,162.00,29.92,37.05,2.84,5.28,34.21,7.00,4.00,35.60,0.03,71.00,11.36,0.00
18,2,33.10,28.90,1.00,178.00,30.16,37.26,2.80,5.00,34.46,9.00,4.00,35.80,0.03,71.00,12.00,0.00
18,3,33.30,28.85,2.00,188.00,30.19,37.75,2.94,4.81,34.81,10.00,5.00,35.60,0.03,71.00,12.49,0.00
18,4,33.50,28.80,2.00,180.00,30.21,37.96,2.82,4.65,35.14,11.00,5.00,32.20,0.03,71.00,12.91,0.00
18,5,33.25,28.70,3.00,190.00,30.07,38.11,3.07,4.63,35.04,12.00,5.00,34.80,0.03,71.00,12.95,0.00
18,6,33.00,28.60,4.00,182.00,29.92,38.25,2.71,4.72,35.54,14.00,6.00,35.00,0.03,71.00,12.72,0.00
18,7,33.15,28.45,3.00,178.00,29.86,38.95,3.91,4.89,35.04,16.00,6.00,34.40,0.03,71.00,12.27,0.00
18,8,33.30,28.30,4.00,153.00,29.80,39.32,3.94,4.86,35.38,17.00,7.00,34.20,0.03,71.00,12.34,0.00
18,9,32.80,28.45,4.00,175.00,29.76,39.61,3.65,5.14,35.96,18.00,6.00,35.60,0.03,71.00,11.66,0.00
18,10,32.30,28.60,4.00,174.00,29.71,39.87,4.46,5.17,35.41,19.00,6.00,35.60,0.02,71.00,11.61,0.00
19,1,33.15,28.50,1.00,140.00,29.90,37.29,4.12,6.23,33.17,8.00,5.00,36.40,0.03,71.00,9.63,0.00
19,2,33.10,28.50,2.00,153.00,29.88,37.54,3.64,6.00,33.90,9.00,5.00,34.80,0.03,71.00,10.00,0.00
19,3,33.15,28.55,2.00,162.00,29.93,37.85,3.95,5.88,33.90,12.00,5.00,35.20,0.03,71.00,10.21,0.00
19,4,33.20,28.60,2.00,168.00,29.98,38.17,4.13,5.80,34.04,12.00,5.00,32.40,0.03,71.00,10.34,0.00
19,5,33.10,28.20,2.00,172.00,29.67,38.49,4.37,5.76,34.12,13.00,5.00,33.80,0.03,69.50,10.41,0.00
19,6,33.00,27.80,2.00,179.00,29.36,38.78,4.66,5.73,34.12,14.00,5.00,36.40,0.02,68.00,10.48,0.00
19,7,33.10,27.85,3.00,183.00,29.43,39.15,4.72,5.68,34.43,15.00,6.00,34.20,0.02,68.00,10.57,0.00
19,8,33.20,27.90,3.00,188.00,29.49,39.50,4.76,5.64,34.74,16.00,6.00,34.80,0.03,68.00,10.64,0.00
19,9,33.30,27.95,3.00,189.00,29.56,39.79,4.81,5.61,34.98,17.00,6.00,36.00,0.03,69.50,10.69,0.00
19,10,33.40,28.00,4.00,190.00,29.62,39.98,4.63,5.59,35.35,18.00,7.00,35.40,0.03,71.00,10.73,0.00
20,1,33.05,28.25,2.00,149.00,29.69,37.94,2.62,5.80,35.32,9.00,5.00,36.60,0.03,69.50,10.34,0.00
20,2,33.10,28.30,2.00,157.00,29.74,38.39,2.96,5.85,35.43,10.00,5.00,34.80,0.03,71.00,10.26,0.00
20,3,33.00,28.40,2.00,166.00,29.78,38.67,3.24,5.70,35.43,11.00,5.00,35.80,0.03,71.00,10.53,0.00
20,4,32.90,28.50,2.00,172.00,29.82,38.82,2.31,5.74,36.51,12.00,5.00,33.00,0.03,71.00,10.46,0.00
20,5,32.90,28.50,3.00,179.00,29.82,39.08,2.71,5.77,36.37,13.00,6.00,34.60,0.03,71.00,10.39,0.00
20,6,32.90,28.50,3.00,176.00,29.82,39.44,3.35,5.79,36.09,13.00,6.00,36.40,0.03,71.00,10.36,0.00
20,7,33.05,28.60,3.00,179.00,29.94,39.75,3.63,5.85,36.12,14.00,6.00,35.60,0.03,71.00,10.25,0.00
20,8,33.20,28.70,4.00,179.00,30.05,40.06,3.64,5.88,36.42,15.00,7.00,34.80,0.03,71.00,10.21,0.00
20,9,33.15,28.60,4.00,178.00,29.97,40.30,3.54,6.00,36.76,16.00,7.00,36.40,0.03,71.00,10.00,0.00
20,10,33.10,28.50,4.00,186.00,29.88,40.65,3.75,6.02,36.90,17.00,7.00,36.20,0.03,71.00,9.97,0.00
21,1,32.95,27.85,2.00,144.00,29.38,37.08,2.61,6.08,34.47,12.00,5.00,37.40,0.02,67.00,9.86,0.00
21,2,32.60,28.20,3.00,156.00,29.52,37.50,2.21,5.97,35.29,13.00,5.00,36.00,0.03,71.00,10.06,0.00
21,3,32.80,28.55,3.00,158.00,29.83,37.73,1.64,5.92,36.09,15.00,5.00,36.40,0.03,72.50,10.14,0.00
21,4,33.00,28.90,3.00,164.00,30.13,38.13,2.52,5.55,35.61,15.00,6.00,33.80,0.03,74.00,10.80,0.00
21,5,33.15,28.70,4.00,168.00,30.04,38.51,2.13,5.73,36.38,16.00,6.00,34.40,0.03,72.50,10.47,0.00
21,6,33.30,28.50,4.00,176.00,29.94,38.91,3.20,5.70,35.71,16.00,7.00,37.20,0.03,71.00,10.53,0.00
21,7,33.10,28.25,4.00,176.00,29.71,39.39,3.41,5.71,35.98,17.00,7.00,36.20,0.03,69.50,10.50,0.00
21,8,32.90,28.00,4.00,180.00,29.47,39.63,3.97,5.69,35.66,17.00,7.00,35.20,0.02,68.00,10.55,0.00
21,9,32.95,28.35,4.00,179.00,29.73,39.91,3.33,5.71,36.58,19.00,7.00,37.20,0.03,70.00,10.51,0.00
21,10,33.00,28.70,4.00,186.00,29.99,40.20,3.51,5.67,36.69,19.00,7.00,36.60,0.03,72.00,10.59,0.00
22,1,33.40,26.70,2.00,136.00,28.71,37.45,6.77,8.65,30.68,7.00,4.00,33.60,0.02,57.00,6.94,6.10
22,2,33.40,26.90,2.00,148.00,28.85,37.64,7.53,8.03,30.11,11.00,5.00,32.40,0.02,60.00,7.48,6.30
22,3,33.50,27.00,3.00,152.00,28.95,37.85,7.76,7.52,30.09,12.00,5.00,31.80,0.02,60.00,7.98,5.50
22,4,33.70,27.10,3.00,160.00,29.08,38.12,8.45,7.40,29.67,13.00,6.00,31.60,0.02,60.00,8.11,5.70
22,5,33.70,27.20,3.00,166.00,29.15,38.35,8.34,7.24,30.01,13.00,6.00,32.40,0.02,60.00,8.29,5.40
22,6,33.80,27.40,3.00,167.00,29.32,38.55,8.36,7.13,30.19,15.00,6.00,32.60,0.02,60.00,8.41,4.90
22,7,33.70,27.30,4.00,174.00,29.22,38.71,8.70,7.03,30.01,16.00,6.00,32.40,0.02,60.00,8.53,6.20
22,8,33.90,27.50,4.00,178.00,29.42,38.88,8.81,6.93,30.07,18.00,7.00,32.20,0.02,60.00,8.65,6.10
22,9,32.90,27.10,4.00,186.00,28.84,39.08,8.92,6.84,30.16,18.00,7.00,32.40,0.02,62.00,8.77,5.70
22,10,32.80,27.10,4.00,188.00,28.81,39.28,10.23,6.66,29.05,20.00,7.00,30.00,0.02,62.00,9.01,5.30
23,1,33.50,25.10,3.00,135.00,27.62,37.41,5.22,5.57,32.19,12.00,5.00,35.80,0.02,52.00,10.78,7.30
23,2,34.00,25.60,3.00,140.00,28.12,37.99,6.14,5.28,31.85,12.00,5.00,35.00,0.02,51.00,11.37,6.30
23,3,33.60,26.70,3.00,146.00,28.77,38.22,6.69,5.17,31.53,13.00,5.00,34.40,0.02,51.00,11.61,6.10
23,4,33.50,25.60,3.00,149.00,27.97,38.40,7.36,5.06,31.04,13.00,5.00,33.60,0.02,52.00,11.85,6.30
23,5,33.40,25.80,3.00,150.00,28.08,38.58,7.54,5.00,31.04,13.00,5.00,33.80,0.02,52.00,12.00,5.70
23,6,33.00,25.20,3.00,155.00,27.54,38.67,8.13,4.96,30.54,13.00,5.00,33.00,0.02,52.00,12.09,5.70
23,7,33.30,25.20,3.00,160.00,27.63,38.80,8.57,4.86,30.23,14.00,6.00,32.60,0.02,52.00,12.35,5.80
23,8,33.10,24.70,3.00,162.00,27.22,38.94,8.76,4.88,30.18,14.00,6.00,32.60,0.02,50.00,12.31,5.50
23,9,33.50,24.90,3.00,164.00,27.48,39.08,8.45,4.83,30.63,14.00,6.00,33.20,0.02,50.00,12.42,5.10
23,10,32.60,24.30,4.00,168.00,26.79,39.16,8.84,4.79,30.32,15.00,7.00,33.40,0.02,54.00,12.54,6.70
24,1,33.10,25.20,2.00,144.00,27.57,36.88,5.48,4.02,31.40,13.00,5.00,34.40,0.02,52.00,14.94,6.10
24,2,32.90,25.00,3.00,159.00,27.37,37.18,6.01,4.10,31.17,14.00,5.00,34.20,0.02,52.00,14.63,6.50
24,3,33.20,26.00,3.00,162.00,28.16,37.50,6.60,4.13,30.90,14.00,6.00,33.80,0.02,57.00,14.54,6.40
24,4,33.10,26.20,3.00,163.00,28.27,37.83,7.33,4.13,30.50,15.00,6.00,33.20,0.02,57.00,14.52,7.10
24,5,33.10,25.80,3.00,169.00,27.99,38.09,7.93,4.13,30.16,16.00,6.00,32.80,0.02,57.00,14.52,6.50
24,6,33.20,25.60,3.00,170.00,27.88,38.34,7.37,4.14,30.97,17.00,6.00,33.40,0.02,55.00,14.48,6.60
24,7,32.90,25.60,3.00,174.00,27.79,38.61,8.33,4.14,30.28,17.00,6.00,32.80,0.02,55.00,14.48,6.80
24,8,33.50,26.00,3.00,177.00,28.25,38.83,8.60,4.15,30.23,17.00,6.00,32.80,0.02,55.00,14.47,5.70
24,9,32.80,25.50,3.00,178.00,27.69,39.02,8.80,4.15,30.22,19.00,6.00,33.00,0.02,55.00,14.45,5.20
24,10,33.10,26.00,3.00,186.00,28.13,39.34,9.50,4.11,29.84,20.00,6.00,32.20,0.02,57.00,14.60,5.50
25,1,32.90,25.90,2.00,149.00,28.00,36.88,6.71,6.07,30.17,11.00,5.00,33.20,0.02,57.00,9.89,6.60
25,2,32.50,25.20,2.00,163.00,27.39,37.07,7.80,5.86,29.27,13.00,5.00,31.80,0.02,55.00,10.24,6.50
25,3,33.70,26.00,2.00,171.00,28.31,37.34,7.51,5.73,29.83,13.00,5.00,32.20,0.02,57.00,10.48,6.20
25,4,33.00,26.00,3.00,174.00,28.10,37.61,7.87,5.53,29.74,13.00,5.00,32.20,0.02,57.00,10.85,6.20
25,5,33.50,26.30,3.00,182.00,28.46,38.40,8.39,5.50,30.01,15.00,5.00,32.40,0.02,57.00,10.91,5.90
25,6,33.90,26.10,3.00,185.00,28.44,38.42,8.91,5.47,29.51,15.00,6.00,31.80,0.02,55.00,10.96,5.70
25,7,33.90,26.60,3.00,187.00,28.79,38.70,8.49,5.42,30.21,15.00,5.00,32.40,0.02,55.00,11.07,6.10
25,8,32.90,25.40,4.00,188.00,27.65,39.04,8.69,5.35,30.35,17.00,6.00,32.40,0.02,52.00,11.21,6.10
25,9,32.80,25.20,4.00,192.00,27.48,39.36,9.07,5.31,30.29,17.00,6.00,32.60,0.02,52.00,11.29,6.10
25,10,32.70,25.10,4.00,195.00,27.38,39.72,9.60,5.27,30.12,19.00,7.00,32.00,0.02,55.00,11.38,6.40
26,1,33.10,25.20,2.00,144.00,27.57,37.09,5.67,7.53,31.42,9.00,5.00,34.20,0.02,52.00,7.96,5.70
26,2,33.20,25.30,2.00,166.00,27.67,37.31,6.04,6.42,31.27,11.00,5.00,34.00,0.02,55.00,9.35,5.80
26,3,33.20,25.50,2.00,170.00,27.81,37.58,6.27,6.09,31.31,12.00,5.00,34.20,0.02,55.00,9.85,5.90
26,4,32.80,26.00,3.00,174.00,28.04,37.88,6.48,5.79,31.40,13.00,5.00,34.40,0.02,57.00,10.37,6.20
26,5,33.10,26.00,3.00,178.00,28.13,38.22,6.86,5.64,31.36,13.00,6.00,34.20,0.02,57.00,10.63,6.70
26,6,32.90,26.00,3.00,179.00,28.07,38.47,7.07,5.54,31.40,13.00,6.00,34.20,0.02,57.00,10.84,6.20
26,7,32.50,25.50,2.00,174.00,27.60,38.69,7.19,5.52,31.50,15.00,5.00,34.20,0.02,57.00,10.86,6.50
26,8,33.20,25.80,3.00,178.00,28.02,38.90,7.40,5.55,31.50,13.00,5.00,34.20,0.02,57.00,10.81,6.20
26,9,33.00,25.70,2.00,178.00,27.89,38.96,7.59,5.58,31.37,15.00,6.00,34.00,0.02,55.00,10.75,6.90
26,10,33.00,25.50,3.00,193.00,27.75,39.10,7.02,5.52,32.08,19.00,7.00,35.00,0.02,55.00,10.88,6.40
27,1,33.20,24.70,5.00,143.00,27.25,37.35,6.62,7.17,30.73,11.00,3.00,33.60,0.02,50.00,8.37,6.20
27,2,33.10,24.80,5.00,151.00,27.29,37.77,7.22,6.71,30.55,13.00,3.00,33.20,0.02,52.00,8.94,6.20
27,3,33.00,25.50,5.00,167.00,27.75,38.15,7.70,6.31,30.45,14.00,3.00,33.20,0.02,55.00,9.52,6.20
27,4,33.20,26.00,7.00,173.00,28.16,38.46,8.36,6.00,30.10,17.00,3.00,32.60,0.02,57.00,10.00,6.20
27,5,33.00,25.60,7.00,176.00,27.82,38.72,8.75,6.00,29.97,17.00,4.00,32.40,0.02,55.00,10.00,6.20
27,6,33.10,25.60,7.00,177.00,27.85,39.05,7.71,5.90,31.34,17.00,4.00,33.80,0.02,55.00,10.16,5.70
27,7,33.10,25.40,7.00,175.00,27.71,39.28,8.50,5.93,30.78,19.00,4.00,33.40,0.02,55.00,10.12,6.30
27,8,33.00,25.40,7.00,175.00,27.68,39.46,9.03,6.00,30.43,19.00,4.00,33.00,0.02,55.00,10.00,6.30
27,9,32.90,25.40,7.00,181.00,27.65,39.61,8.48,5.98,31.13,19.00,4.00,33.20,0.02,55.00,10.03,5.80
27,10,32.90,25.40,7.00,183.00,27.65,39.69,8.48,5.97,31.21,19.00,4.00,33.40,0.02,55.00,10.06,5.70
28,1,33.50,26.40,3.00,160.00,28.53,37.24,7.44,5.52,29.80,9.00,5.00,32.80,0.02,57.00,10.88,5.60
28,2,33.60,26.80,3.00,172.00,28.84,37.53,6.77,4.85,30.76,10.00,5.00,33.80,0.02,60.00,12.37,4.50
28,3,33.00,26.40,3.00,179.00,28.38,37.83,7.67,4.56,30.16,12.00,5.00,33.20,0.02,60.00,13.17,5.20
28,4,33.10,26.30,3.00,179.00,28.34,38.15,8.11,4.44,30.04,13.00,6.00,32.80,0.02,60.00,13.52,5.20
28,5,33.30,26.20,3.00,181.00,28.33,38.55,8.51,4.35,30.04,14.00,6.00,32.80,0.02,57.00,13.79,5.90
28,6,33.00,26.00,3.00,182.00,28.10,38.78,8.84,4.32,29.94,15.00,6.00,32.80,0.02,57.00,13.89,6.10
28,7,33.40,25.50,3.00,184.00,27.87,39.05,9.41,4.29,29.64,16.00,6.00,32.20,0.02,52.00,14.00,6.70
28,8,32.60,25.10,3.00,182.00,27.35,39.40,10.09,4.37,29.31,17.00,6.00,32.00,0.02,54.00,13.72,6.40
28,9,33.20,25.80,3.00,185.00,28.02,39.55,9.93,4.35,29.62,18.00,6.00,32.60,0.02,57.00,13.78,6.80
28,10,32.60,26.50,3.00,188.00,28.33,39.72,10.09,4.35,29.63,18.00,7.00,32.40,0.02,63.00,13.79,5.90
29,1,33.70,26.00,2.00,152.00,28.31,37.07,8.02,6.58,29.05,11.00,4.50,31.40,0.02,52.00,9.11,5.80
29,2,33.70,26.00,2.00,168.00,28.31,37.40,8.53,6.00,28.87,13.00,4.67,31.00,0.02,52.00,10.00,5.90
29,3,33.20,25.50,2.00,174.00,27.81,37.77,9.26,5.72,28.51,11.00,4.83,30.60,0.02,55.00,10.49,6.00
29,4,33.00,26.00,3.00,176.00,28.10,38.12,9.57,5.51,28.55,13.00,5.00,30.60,0.02,57.00,10.88,6.40
29,5,33.00,26.00,3.00,182.00,28.10,38.56,9.10,5.43,29.46,15.00,5.33,31.80,0.02,57.00,11.04,6.30
29,6,33.40,26.50,4.00,186.00,28.57,38.92,9.11,5.46,29.81,17.00,5.50,32.40,0.02,57.00,10.99,5.90
29,7,33.40,26.50,4.00,186.00,28.57,39.06,8.93,5.34,30.13,17.00,5.33,32.60,0.02,57.00,11.23,6.50
29,8,33.60,27.00,4.00,192.00,28.98,39.29,8.96,5.32,30.33,19.00,5.67,32.60,0.02,60.00,11.28,5.80
29,9,33.00,26.50,4.00,193.00,28.45,39.62,9.51,5.30,30.11,19.00,5.83,32.20,0.02,60.00,11.33,5.40
29,10,33.40,27.00,4.00,195.00,28.92,39.79,8.87,5.28,30.92,19.00,6.33,33.20,0.02,60.00,11.37,5.40
30,1,32.90,25.50,2.00,144.00,27.72,37.28,7.55,6.67,29.73,10.00,4.56,32.40,0.02,55.00,9.00,8.00
30,2,33.00,25.70,2.00,156.00,27.89,37.51,7.27,6.39,30.24,11.00,4.71,32.80,0.02,55.00,9.39,8.20
30,3,33.10,25.70,2.00,160.00,27.92,37.74,7.40,6.19,30.34,11.00,4.85,32.80,0.02,55.00,9.69,8.60
30,4,33.20,25.70,2.00,168.00,27.95,38.01,8.18,6.05,29.83,12.00,5.13,32.20,0.02,55.00,9.91,8.50
30,5,32.90,25.70,2.00,175.00,27.86,38.30,7.18,5.96,31.12,12.00,5.42,33.40,0.02,55.00,10.07,8.50
30,6,33.00,25.80,3.00,176.00,27.96,38.56,7.86,5.90,30.71,12.00,5.56,32.90,0.02,57.00,10.16,8.20
30,7,33.00,25.70,3.00,179.00,27.89,38.81,8.27,5.90,30.54,13.00,5.42,32.60,0.02,55.00,10.16,8.60
30,8,32.80,25.70,3.00,179.00,27.83,39.03,8.37,5.88,30.66,15.00,5.71,33.00,0.02,55.00,10.21,8.50
30,9,33.00,25.70,3.00,173.00,27.89,39.20,8.37,5.89,30.83,15.00,5.85,33.40,0.02,55.00,10.19,8.30
30,10,33.30,26.00,3.00,191.00,28.19,39.39,9.17,5.82,30.22,16.00,6.42,32.20,0.02,55.00,10.32,8.50
31,1,33.10,25.80,1.00,142.00,27.99,37.22,5.97,6.55,31.25,11.00,4.00,34.60,0.02,57.00,9.16,6.50
31,2,33.00,25.70,2.00,144.00,27.89,37.64,6.41,6.35,31.23,11.00,5.00,34.00,0.02,55.00,9.45,6.30
31,3,33.30,25.70,2.00,154.00,27.98,37.93,6.79,6.33,31.14,12.00,6.00,33.80,0.02,52.00,9.47,7.00
31,4,33.10,26.00,4.00,160.00,28.13,38.18,6.94,6.23,31.24,12.00,6.00,33.80,0.02,57.00,9.64,6.40
31,5,32.90,25.80,2.00,161.00,27.93,38.40,7.38,6.20,31.02,14.00,6.00,33.80,0.02,57.00,9.68,5.60
31,6,33.40,25.80,3.00,165.00,28.08,38.66,7.36,6.22,31.30,17.00,6.00,33.60,0.02,55.00,9.65,6.10
31,7,33.10,24.80,4.00,168.00,27.29,38.77,7.46,6.23,31.31,16.00,7.00,33.40,0.02,52.00,9.63,5.80
31,8,33.10,25.20,4.00,170.00,27.57,38.89,7.49,6.27,31.40,17.00,7.00,33.40,0.02,52.00,9.57,5.90
31,9,33.00,25.40,3.00,172.00,27.68,39.07,7.65,6.34,31.42,17.00,6.00,33.60,0.02,55.00,9.47,5.70
31,10,33.00,25.50,3.00,172.00,27.75,39.13,7.74,6.37,31.39,17.00,6.00,33.60,0.02,55.00,9.42,5.90
32,1,33.20,23.00,2.00,160.00,26.06,37.43,6.75,5.75,30.68,9.00,4.00,33.60,0.02,42.00,10.43,5.10
32,2,33.00,25.70,2.00,163.00,27.89,37.59,6.51,5.04,31.08,8.00,4.00,34.20,0.02,52.00,11.90,5.80
32,3,33.20,26.50,2.00,167.00,28.51,37.78,5.94,4.92,31.84,11.00,5.00,35.20,0.02,60.00,12.20,5.90
32,4,33.20,26.60,2.00,167.00,28.58,37.94,5.90,4.92,32.04,11.00,5.00,35.20,0.02,60.00,12.20,6.40
32,5,33.10,26.00,3.00,169.00,28.13,38.23,6.79,4.87,31.44,11.00,5.00,34.60,0.02,57.00,12.31,5.70
32,6,33.30,26.10,3.00,172.00,28.26,38.56,7.21,4.84,31.35,12.00,5.00,34.40,0.02,57.00,12.40,6.40
32,7,33.10,25.50,3.00,175.00,27.78,38.79,7.14,4.81,31.65,13.00,6.00,34.40,0.02,55.00,12.46,6.10
32,8,33.00,25.20,3.00,177.00,27.54,39.00,7.62,4.75,31.38,12.00,7.00,34.00,0.02,55.00,12.63,6.10
32,9,33.10,24.60,3.00,177.00,27.15,39.21,8.25,4.77,30.96,12.00,7.00,33.60,0.02,50.00,12.58,5.90
32,10,33.20,24.90,4.00,177.00,27.39,39.49,7.76,4.75,31.73,13.00,7.00,33.60,0.02,55.00,12.62,6.60
33,1,32.90,25.80,1.00,169.00,26.83,37.53,6.94,7.22,30.59,7.00,5.00,33.60,0.02,57.00,8.31,6.70
33,2,33.00,25.40,1.00,165.00,27.68,38.12,6.63,6.50,31.49,7.00,5.00,34.50,0.02,55.00,9.23,6.60
33,3,33.00,25.40,3.00,168.00,27.68,38.69,8.11,6.25,30.58,11.00,5.00,32.60,0.02,55.00,9.60,5.70
33,4,33.10,25.20,3.00,166.00,27.57,39.28,8.39,6.29,30.89,14.00,6.00,33.20,0.02,52.00,9.54,7.70
33,5,32.00,25.10,4.00,167.00,27.17,39.62,8.41,6.47,31.21,17.00,7.00,33.60,0.02,57.00,9.27,6.10
33,6,33.00,25.80,4.00,151.00,27.96,39.79,8.57,6.62,31.22,19.00,7.00,33.40,0.02,57.00,9.06,5.30
33,7,33.00,25.10,4.00,165.00,27.47,40.00,8.81,6.80,31.19,19.00,7.00,32.80,0.02,52.00,8.83,5.30
33,8,33.00,25.30,4.00,182.00,27.61,40.04,8.45,7.03,31.59,19.00,7.00,33.30,0.02,55.00,8.54,6.70
33,9,32.20,25.50,4.00,190.00,27.51,40.08,9.21,7.19,30.87,19.00,7.00,32.10,0.02,55.00,8.35,6.10
33,10,33.10,25.50,4.00,189.00,27.78,40.19,8.57,7.32,31.62,19.00,7.00,33.60,0.02,55.00,8.19,7.20
34,1,32.90,25.00,2.00,147.00,27.37,37.00,6.63,5.08,30.37,9.00,4.00,32.80,0.02,52.00,11.80,6.20
34,2,32.90,25.60,3.00,149.00,27.79,37.26,7.03,4.88,30.23,9.00,4.00,32.60,0.02,55.00,12.31,6.20
34,3,33.60,26.00,3.00,156.00,28.28,37.50,7.39,4.87,30.11,11.00,5.00,32.20,0.02,55.00,12.31,6.20
34,4,33.30,25.70,3.00,162.00,27.98,37.88,8.00,4.68,29.88,13.00,5.00,32.00,0.02,52.00,12.82,6.20
34,5,33.10,25.60,3.00,165.00,27.85,38.28,8.31,4.57,29.97,13.00,5.00,32.20,0.02,55.00,13.14,6.20
34,6,32.90,25.50,3.00,169.00,27.72,38.52,8.27,4.51,30.25,17.00,6.00,32.60,0.02,55.00,13.32,5.70
34,7,33.00,25.40,3.00,165.00,27.68,38.78,8.69,4.43,30.09,17.00,5.00,32.20,0.02,55.00,13.56,5.70
34,8,32.90,25.50,3.00,168.00,27.72,38.92,8.81,4.45,30.11,17.00,6.00,32.20,0.02,55.00,13.50,6.30
34,9,33.00,25.60,3.00,172.00,27.82,39.09,8.80,4.43,30.29,17.00,6.00,32.60,0.02,55.00,13.56,6.30
34,10,33.00,25.70,4.00,181.00,27.89,39.15,9.04,4.42,30.11,19.00,6.00,32.20,0.02,55.00,13.58,5.80
35,1,33.30,25.00,1.75,149.00,27.49,36.78,5.55,4.93,31.23,9.75,4.25,33.80,0.02,50.00,12.16,5.60
35,2,33.20,25.10,2.13,155.00,27.53,36.90,5.57,4.69,31.33,10.00,4.50,33.80,0.02,52.00,12.79,6.00
35,3,33.40,25.60,2.75,160.00,27.94,37.06,5.81,4.56,31.25,11.63,5.25,33.40,0.02,52.00,13.17,6.10
35,4,33.20,26.00,3.13,163.00,28.16,37.26,6.20,4.44,31.06,13.38,5.50,33.20,0.02,57.00,13.52,6.40
35,5,33.10,26.20,3.00,164.00,28.27,37.51,6.49,4.33,31.02,14.63,5.75,33.00,0.02,57.00,13.85,5.30
35,6,32.80,26.00,3.50,165.00,28.04,37.78,6.47,4.27,31.31,16.88,6.00,33.20,0.02,55.00,14.05,6.10
35,7,33.60,25.20,3.63,166.00,27.72,38.03,6.03,4.23,32.00,17.13,6.25,33.80,0.02,57.00,14.18,5.80
35,8,33.40,26.50,3.63,166.00,28.57,38.37,6.20,4.23,32.17,17.38,6.75,34.20,0.02,57.00,14.19,5.20
35,9,33.20,26.70,3.50,155.00,28.65,38.57,6.26,4.27,32.31,17.88,6.50,34.40,0.02,57.00,14.05,6.30
35,10,32.70,26.50,3.75,178.00,28.36,38.88,6.85,4.30,32.03,18.25,6.50,34.20,0.02,57.00,13.95,6.30
36,1,32.90,25.60,2.00,133.00,27.79,36.65,6.76,5.78,29.89,11.00,5.00,32.80,0.02,55.00,10.37,6.20
36,2,33.20,26.00,3.00,146.00,28.16,37.70,7.94,5.06,29.76,13.00,5.00,32.40,0.02,57.00,11.86,6.30
36,3,33.30,26.00,3.00,154.00,28.19,37.80,7.81,4.67,29.99,13.00,5.00,32.60,0.02,57.00,12.84,5.90
36,4,33.00,25.70,4.00,157.00,27.89,37.99,8.18,4.46,29.81,15.00,6.00,32.40,0.02,55.00,13.46,6.30
36,5,33.00,25.70,3.00,160.00,27.89,38.41,8.48,4.26,29.93,17.00,6.00,32.80,0.02,55.00,14.08,5.20
36,6,33.00,25.80,4.00,163.00,27.96,38.87,8.61,4.24,30.26,19.00,7.00,33.20,0.02,57.00,14.15,5.70
36,7,33.30,26.00,4.00,159.00,28.19,38.97,8.47,4.21,30.50,19.00,7.00,33.20,0.02,55.00,14.24,5.80
36,8,32.80,25.60,4.00,158.00,27.76,39.44,9.11,4.23,30.33,20.00,7.00,33.40,0.02,55.00,14.19,5.90
36,9,33.20,26.10,4.00,155.00,28.23,39.61,8.95,4.28,30.66,20.00,7.00,33.60,0.02,57.00,14.03,5.70
36,10,33.20,26.00,4.00,156.00,28.16,39.81,9.47,4.31,30.34,20.00,7.00,33.20,0.02,57.00,13.91,6.60
37,1,33.50,26.00,2.00,159.00,28.25,37.36,8.33,6.23,29.03,7.00,4.38,30.20,0.02,55.00,9.63,5.70
37,2,33.40,26.20,2.00,169.00,28.36,37.67,8.39,6.13,29.28,8.00,4.58,31.20,0.02,55.00,9.80,6.00
37,3,33.00,26.00,3.00,176.00,28.10,38.00,8.29,5.95,29.71,10.00,5.21,31.60,0.02,57.00,10.08,5.20
37,4,33.50,26.00,3.00,184.00,28.25,38.33,8.87,5.82,29.46,13.00,5.58,31.80,0.02,55.00,10.31,5.90
37,5,33.30,26.00,3.00,178.00,28.19,38.69,9.02,5.81,29.67,15.00,5.79,31.80,0.02,55.00,10.33,5.70
37,6,33.40,26.00,4.00,179.00,28.22,38.91,9.17,5.91,29.74,17.00,6.17,32.80,0.02,55.00,10.16,5.40
37,7,33.40,25.60,4.00,182.00,27.94,39.07,8.32,5.99,30.75,17.00,6.38,32.40,0.02,55.00,10.02,5.40
37,8,33.30,25.00,4.00,181.00,27.49,39.23,9.07,5.99,30.16,17.00,6.79,31.60,0.02,50.00,10.02,6.00
37,9,32.60,25.60,4.00,173.00,27.70,39.33,9.35,6.08,29.98,19.00,6.58,31.60,0.02,57.00,9.88,5.60
37,10,32.80,25.60,4.00,184.00,27.76,39.41,9.67,6.13,29.74,19.00,6.58,31.20,0.02,55.00,9.79,6.00
38,1,32.80,25.50,2.00,152.00,27.69,37.08,7.81,6.70,29.27,11.00,4.38,31.60,0.02,55.00,8.96,5.70
38,2,32.80,25.50,2.00,161.00,27.69,37.37,8.32,6.06,29.05,11.00,4.58,32.80,0.02,55.00,9.90,6.00
38,3,32.90,25.70,3.00,166.00,27.86,37.71,8.56,5.81,29.15,12.00,5.21,32.80,0.02,55.00,10.33,7.00
38,4,33.00,25.90,3.00,168.00,28.03,38.03,8.93,5.60,29.10,14.00,5.58,33.40,0.02,57.00,10.71,6.30
38,5,32.90,25.80,3.00,165.00,27.93,38.40,9.06,5.49,29.34,15.00,5.79,33.20,0.02,57.00,10.94,5.90
38,6,33.30,25.80,4.00,177.00,28.05,38.77,9.54,5.50,29.23,17.00,6.17,34.40,0.02,55.00,10.91,6.40
38,7,33.20,25.00,4.00,175.00,27.46,39.13,9.48,5.29,29.65,19.00,6.38,33.20,0.02,52.00,11.35,6.70
38,8,33.00,25.30,4.00,174.00,27.61,39.38,9.71,5.28,29.67,20.00,6.79,34.20,0.02,55.00,11.36,6.40
38,9,33.20,25.50,4.00,160.00,27.81,39.59,9.38,5.24,30.21,20.00,6.58,33.60,0.02,55.00,11.44,6.20
38,10,33.20,25.40,4.00,185.00,27.74,39.73,9.69,5.22,30.04,20.00,6.58,33.60,0.02,55.00,11.51,5.80
39,1,33.50,26.00,2.00,137.00,28.25,37.42,9.41,6.92,28.01,13.00,2.00,30.20,0.02,55.00,8.67,6.00
39,2,33.10,26.00,2.00,141.00,28.13,37.60,8.97,6.52,28.63,13.00,2.00,31.20,0.02,57.00,9.21,6.60
39,3,33.00,26.00,3.00,142.00,28.10,37.76,8.92,6.31,28.84,13.00,3.00,31.60,0.02,57.00,9.52,6.30
39,4,32.80,25.80,3.00,151.00,27.90,37.95,9.02,6.25,28.93,15.00,3.00,31.80,0.02,57.00,9.60,5.90
39,5,33.40,26.00,3.00,162.00,28.22,38.14,9.07,6.18,29.07,15.00,3.00,31.80,0.02,55.00,9.70,6.10
39,6,33.10,26.00,3.00,166.00,28.13,38.35,8.46,6.11,29.89,17.00,3.00,32.80,0.02,57.00,9.83,6.20
39,7,33.00,26.00,3.00,164.00,28.10,38.57,9.18,6.06,29.39,17.00,3.00,32.40,0.02,57.00,9.89,5.30
39,8,33.00,25.70,3.00,166.00,27.89,38.75,9.76,6.07,28.99,17.00,3.00,31.60,0.02,55.00,9.89,6.60
39,9,33.20,25.70,3.00,170.00,27.95,38.89,9.90,6.03,28.99,19.00,3.00,31.60,0.02,55.00,9.95,6.70
39,10,33.20,25.70,3.00,170.00,27.95,39.48,10.71,5.96,28.77,19.00,3.00,31.20,0.02,55.00,10.06,6.00
40,1,33.15,21.55,0.00,127.00,25.03,36.88,1.34,6.00,35.54,9.00,1.00,36.20,0.02,55.00,10.00,5.22
40,2,33.20,22.00,1.00,136.00,25.36,37.04,1.51,5.67,35.53,10.00,1.00,35.40,0.01,38.00,10.59,4.68
40,3,33.30,22.50,1.00,140.00,25.74,37.26,1.40,5.63,35.86,12.00,1.00,35.80,0.02,57.00,10.65,4.68
40,4,33.40,23.00,1.00,143.00,26.12,37.47,2.06,5.68,35.41,13.00,2.00,35.00,0.02,40.00,10.56,4.68
40,5,33.15,23.05,1.00,145.00,26.08,37.63,2.69,5.67,34.94,14.00,2.00,34.60,0.02,55.00,10.59,4.50
40,6,32.90,23.10,1.00,147.00,26.04,37.75,2.62,5.63,35.13,14.00,2.00,34.40,0.02,42.00,10.65,5.04
40,7,32.90,23.30,1.00,151.00,26.18,37.89,2.57,5.48,35.32,15.00,2.00,34.80,0.02,57.00,10.94,5.22
40,8,32.90,23.50,1.00,156.00,26.32,37.99,2.61,5.37,35.38,15.00,3.00,34.80,0.02,45.00,11.18,4.68
40,9,32.95,23.60,3.00,161.00,26.41,38.18,2.40,5.24,35.78,16.00,3.00,36.20,0.02,55.00,11.46,4.68
40,10,33.00,23.70,3.00,169.00,26.49,38.33,2.71,4.83,35.62,17.00,4.00,35.00,0.02,45.00,12.41,4.68
41,1,32.95,20.55,0.00,147.00,24.27,36.99,3.44,4.80,33.55,14.00,1.00,33.60,0.02,55.00,12.50,4.14
41,2,33.20,21.50,0.00,151.00,25.01,37.06,3.43,4.82,33.63,14.00,1.00,33.40,0.01,33.00,12.46,4.68
41,3,33.05,22.10,1.00,148.00,25.39,37.26,3.35,4.83,33.91,14.00,1.00,34.00,0.02,57.00,12.41,5.04
41,4,32.90,22.70,1.00,151.00,25.76,37.50,3.35,4.83,34.15,14.00,1.00,34.20,0.02,42.00,12.41,3.96
41,5,32.90,23.05,1.00,157.00,26.01,37.76,5.23,4.83,32.53,14.00,2.00,31.40,0.02,55.00,12.41,3.60
41,6,32.90,23.40,1.00,159.00,26.25,37.94,3.72,4.93,34.22,14.00,2.00,34.60,0.02,45.00,12.16,4.68
41,7,32.95,23.70,1.00,158.00,26.48,38.10,3.86,5.00,34.24,14.00,2.00,34.60,0.02,57.00,12.00,4.68
41,8,33.00,24.00,1.00,160.00,26.70,38.31,3.71,4.98,34.60,14.00,2.00,34.40,0.02,47.00,12.04,4.68
41,9,33.05,24.25,1.00,169.00,26.89,38.57,4.33,5.00,34.24,14.00,2.00,35.40,0.02,55.00,12.00,4.68
41,10,33.10,24.50,1.00,167.00,27.08,38.86,4.59,5.03,34.27,15.00,2.00,34.60,0.02,50.00,11.92,4.68
42,1,32.85,20.20,0.00,138.00,24.00,36.09,1.87,4.87,34.22,9.00,1.00,34.20,0.02,55.00,12.33,5.58
42,2,33.00,21.20,0.00,147.00,24.74,36.38,1.86,4.83,34.52,10.00,1.00,34.60,0.01,33.00,12.41,5.04
42,3,33.15,21.90,0.00,151.00,25.28,36.65,1.43,4.82,35.22,10.00,2.00,34.80,0.02,57.00,12.46,5.22
42,4,33.30,22.60,0.00,153.00,25.81,36.95,1.42,4.83,35.53,11.00,2.00,34.80,0.01,36.00,12.41,4.68
42,5,33.30,22.75,1.00,157.00,25.92,37.31,1.85,4.82,35.46,12.00,3.00,35.00,0.02,55.00,12.46,4.50
42,6,33.30,22.90,2.00,162.00,26.02,37.65,1.57,4.83,36.08,14.00,4.00,35.40,0.02,40.00,12.41,5.04
42,7,33.15,23.15,3.00,166.00,26.15,37.97,2.11,4.82,35.86,15.00,4.00,35.40,0.02,57.00,12.46,5.04
42,8,33.00,23.40,4.00,170.00,26.28,38.34,2.18,5.00,36.16,16.00,5.00,35.60,0.02,45.00,12.00,5.04
42,9,32.70,23.30,5.00,173.00,26.12,38.79,2.92,5.00,35.87,17.00,6.00,35.20,0.02,55.00,12.00,5.04
42,10,32.40,23.20,5.00,187.00,25.96,39.13,3.37,4.85,35.76,18.00,6.00,34.80,0.02,45.00,12.38,5.04
43,1,33.25,20.00,1.00,116.00,23.98,36.16,1.80,5.38,34.36,7.00,2.00,34.80,0.02,55.00,11.15,4.86
43,2,33.00,20.40,2.00,127.00,24.18,36.24,2.77,4.98,33.47,9.00,4.00,33.40,0.01,31.00,12.04,4.32
43,3,33.15,21.20,3.00,132.00,24.79,36.73,3.46,4.83,33.27,11.00,4.00,33.40,0.02,57.00,12.41,3.96
43,4,33.30,22.00,4.00,137.00,25.39,37.10,3.58,4.50,33.52,13.00,5.00,33.20,0.01,36.00,13.33,5.04
43,5,33.10,22.20,4.00,142.00,25.47,37.42,4.12,4.52,33.30,15.00,6.00,34.20,0.02,55.00,13.28,5.22
43,6,32.90,22.40,4.00,145.00,25.55,37.65,4.28,4.52,33.37,15.00,6.00,32.80,0.01,40.00,13.28,4.68
43,7,32.95,22.70,5.00,145.00,25.78,37.81,4.44,4.47,33.37,16.00,7.00,32.20,0.02,57.00,13.43,4.50
43,8,33.00,23.00,5.00,150.00,26.00,38.22,4.79,4.50,33.43,17.00,7.00,32.40,0.02,42.00,13.33,5.04
43,9,33.00,23.20,5.00,158.00,26.14,38.31,5.30,4.65,33.01,17.00,7.00,32.60,0.02,55.00,12.90,5.40
43,10,33.00,23.40,5.00,162.00,26.28,38.74,6.08,4.17,32.66,17.00,7.00,32.20,0.02,45.00,14.40,4.32
44,1,33.35,21.20,1.00,142.00,24.85,36.97,3.06,5.63,33.91,10.00,2.00,33.80,0.02,55.00,10.65,5.58
44,2,33.40,21.90,1.00,145.00,25.35,37.34,4.21,5.81,33.13,13.00,3.00,33.40,0.01,36.00,10.32,5.04
44,3,33.20,22.30,1.00,143.00,25.57,37.64,4.15,5.81,33.49,12.00,2.00,33.20,0.02,57.00,10.32,5.04
44,4,33.00,22.70,1.00,150.00,25.79,37.94,4.98,5.83,32.96,12.00,2.00,33.20,0.01,40.00,10.29,5.04
44,5,33.00,23.25,1.00,154.00,26.18,38.18,4.40,5.83,33.78,13.00,2.00,34.00,0.02,55.00,10.29,5.04
44,6,33.00,23.80,1.00,155.00,26.56,38.42,5.10,5.81,33.32,14.00,4.00,33.20,0.02,47.00,10.32,5.04
44,7,33.05,24.20,2.00,166.00,26.86,38.59,4.71,5.67,33.88,14.00,4.00,34.00,0.02,57.00,10.59,5.04
44,8,33.10,24.60,2.00,168.00,27.15,38.74,4.78,5.50,33.96,16.00,4.00,33.60,0.02,50.00,10.91,5.04
44,9,33.15,24.70,1.00,168.00,27.24,38.88,4.85,5.50,34.03,17.00,4.00,34.20,0.02,55.00,10.91,5.22
44,10,33.20,24.80,1.00,178.00,27.32,39.01,5.14,5.02,33.87,18.00,4.00,34.60,0.02,50.00,11.96,4.68
45,1,33.20,21.00,2.00,169.00,24.66,37.10,1.56,4.75,35.54,9.00,4.00,35.80,0.02,55.00,12.63,5.22
45,2,33.10,21.70,4.00,172.00,25.12,37.50,1.33,4.65,36.17,12.00,5.00,36.60,0.01,36.00,12.90,4.68
45,3,33.20,22.10,4.00,177.00,25.43,37.80,2.11,4.67,35.69,15.00,6.00,35.60,0.02,57.00,12.86,4.50
45,4,33.30,22.50,5.00,178.00,25.74,38.20,2.83,5.02,35.37,16.00,6.00,35.20,0.01,36.00,11.96,5.04
45,5,33.20,22.90,5.00,170.00,25.99,38.61,3.19,5.20,35.42,16.00,6.00,35.60,0.02,55.00,11.54,5.22
45,6,33.10,23.30,5.00,168.00,26.24,38.91,3.39,5.50,35.52,15.00,6.00,35.60,0.02,42.00,10.91,4.68
45,7,33.15,23.65,5.00,167.00,26.50,39.16,3.42,5.48,35.74,16.00,7.00,35.60,0.02,57.00,10.94,4.50
45,8,33.20,24.00,6.00,160.00,26.76,39.34,3.37,5.83,35.97,17.00,7.00,36.00,0.02,45.00,10.29,5.04
45,9,33.20,24.10,6.00,163.00,26.83,39.50,3.75,5.81,35.75,18.00,7.00,35.60,0.02,55.00,10.32,5.04
45,10,33.20,24.20,6.00,161.00,26.90,39.59,3.65,5.55,35.94,19.00,7.00,36.00,0.02,45.00,10.81,5.04
46,1,33.45,20.15,0.00,142.00,24.14,36.33,1.95,4.27,34.38,8.00,1.00,34.00,0.02,55.00,14.06,6.30
46,2,33.20,20.60,1.00,151.00,24.38,36.45,3.51,4.17,32.94,9.00,1.00,31.40,0.01,31.00,14.40,4.68
46,3,33.30,21.25,1.00,156.00,24.87,36.74,2.86,4.05,33.88,10.00,2.00,32.60,0.02,57.00,14.81,4.68
46,4,33.40,21.90,2.00,158.00,25.35,37.09,2.77,4.00,34.32,11.00,3.00,33.20,0.01,36.00,15.00,4.68
46,5,33.25,22.30,2.00,163.00,25.59,37.50,2.91,4.00,34.59,12.00,3.00,33.60,0.02,55.00,15.00,4.68
46,6,33.10,22.70,3.00,170.00,25.82,37.88,3.45,3.98,34.43,12.00,3.00,33.60,0.01,40.00,15.06,4.68
46,7,33.05,23.00,3.00,172.00,26.02,38.51,4.03,4.00,34.48,13.00,3.00,33.80,0.02,57.00,15.00,4.68
46,8,33.00,23.30,3.00,174.00,26.21,38.85,4.37,4.03,34.48,15.00,3.00,33.80,0.02,42.00,14.88,4.68
46,9,33.05,23.50,4.00,178.00,26.37,39.61,4.90,3.95,34.71,15.00,4.00,34.20,0.02,55.00,15.19,4.86
46,10,33.10,23.70,4.00,184.00,26.52,39.66,5.10,3.80,34.56,16.00,4.00,35.20,0.02,45.00,15.79,4.32
47,1,33.20,20.00,0.00,139.00,23.96,37.23,2.61,4.63,34.62,14.00,3.00,34.60,0.02,55.00,12.95,5.40
47,2,32.90,20.90,3.00,142.00,24.50,37.52,2.63,4.48,34.89,14.00,3.00,34.80,0.01,33.00,13.38,4.32
47,3,32.95,21.30,3.00,148.00,24.80,37.81,3.05,4.50,34.76,14.00,3.00,34.40,0.02,57.00,13.33,3.96
47,4,33.00,21.70,3.00,155.00,25.09,38.11,3.04,4.48,35.07,15.00,3.00,34.60,0.01,36.00,13.38,5.04
47,5,33.00,21.95,4.00,151.00,25.27,38.38,3.43,4.48,34.95,16.00,5.00,34.40,0.02,55.00,13.38,5.04
47,6,33.00,22.20,4.00,155.00,25.44,38.67,3.50,4.48,35.17,17.00,5.00,34.60,0.01,38.00,13.38,5.04
47,7,33.10,22.55,4.00,161.00,25.72,38.91,3.36,4.50,35.55,17.00,5.00,34.40,0.02,57.00,13.33,5.04
47,8,33.20,22.90,4.00,166.00,25.99,39.16,3.58,4.32,35.58,18.00,6.00,34.80,0.01,40.00,13.90,5.04
47,9,33.20,23.10,5.00,168.00,26.13,39.38,3.47,4.32,35.91,19.00,6.00,35.60,0.02,55.00,13.90,4.86
47,10,33.20,23.30,5.00,174.00,26.27,39.58,3.56,4.32,36.02,19.00,6.00,35.80,0.02,42.00,13.90,5.40
48,1,33.60,21.20,0.00,144.00,24.92,37.02,2.10,5.98,34.92,6.00,2.00,35.20,0.02,55.00,10.03,6.12
48,2,33.40,22.00,0.00,147.00,25.42,37.34,2.36,6.00,34.98,9.00,2.00,35.20,0.01,36.00,10.00,5.04
48,3,33.20,22.35,0.00,155.00,25.61,37.69,2.43,5.98,35.26,9.00,4.00,35.40,0.02,57.00,10.03,5.04
48,4,33.00,22.70,0.00,154.00,25.79,37.98,3.18,6.00,34.80,9.00,2.00,34.60,0.01,40.00,10.00,5.04
48,5,33.00,23.00,0.00,162.00,26.00,38.23,3.34,5.81,34.89,10.00,2.00,34.80,0.02,55.00,10.32,5.22
48,6,33.00,23.30,0.00,171.00,26.21,38.51,3.43,5.65,35.08,10.00,2.00,34.80,0.02,42.00,10.62,4.68
48,7,32.95,23.55,0.00,174.00,26.37,38.77,3.66,5.67,35.11,13.00,2.00,34.60,0.02,57.00,10.59,4.68
48,8,32.90,23.80,0.00,179.00,26.53,38.99,3.57,5.31,35.42,13.00,4.00,35.60,0.02,47.00,11.29,4.68
48,9,33.00,23.85,0.00,185.00,26.60,39.19,3.78,5.33,35.41,14.00,4.00,35.20,0.02,55.00,11.25,4.32
48,10,33.10,23.90,0.00,190.00,26.66,39.39,3.62,4.92,35.77,15.00,4.00,35.80,0.02,47.00,12.20,5.40
49,1,33.00,25.35,0.00,127.00,27.65,36.96,3.14,5.80,33.82,10.00,1.00,34.40,0.02,55.00,10.34,4.68
49,2,33.00,25.30,0.00,122.00,27.61,37.14,2.68,5.70,34.46,11.00,1.00,34.40,0.02,55.00,10.53,5.76
49,3,33.05,25.45,1.00,132.00,27.73,37.26,2.25,5.80,35.01,13.00,2.00,34.60,0.02,57.00,10.34,5.76
49,4,33.10,25.60,2.00,134.00,27.85,37.77,2.86,5.79,34.91,14.00,2.00,34.40,0.02,55.00,10.37,5.76
49,5,33.15,25.65,2.00,134.00,27.90,38.27,3.15,5.65,35.12,14.00,2.00,34.60,0.02,55.00,10.62,6.12
49,6,33.20,25.70,2.00,143.00,27.95,38.37,3.19,5.48,35.18,15.00,3.00,34.60,0.02,55.00,10.94,5.04
49,7,33.20,25.75,2.00,146.00,27.99,38.61,3.29,5.58,35.32,15.00,3.00,34.80,0.02,57.00,10.75,5.04
49,8,33.20,25.80,2.00,148.00,28.02,38.75,3.43,5.65,35.32,16.00,4.00,34.80,0.02,55.00,10.62,5.04
49,9,33.30,25.65,3.00,159.00,27.95,38.89,3.46,5.31,35.43,17.00,4.00,34.80,0.02,55.00,11.29,5.04
49,10,33.40,25.50,3.00,162.00,27.87,38.96,3.27,5.10,35.69,18.00,4.00,35.20,0.02,55.00,11.76,5.04
50,1,32.45,24.80,0.00,146.00,27.10,36.64,2.26,4.88,34.38,14.00,0.00,34.50,0.02,55.00,12.29,4.50
50,2,32.60,24.60,1.00,149.00,27.00,36.78,2.77,4.80,34.01,14.00,1.00,33.70,0.02,52.00,12.50,5.04
50,3,32.70,24.75,1.00,153.00,27.14,37.04,2.59,4.83,34.45,14.00,1.00,34.30,0.02,57.00,12.41,5.04
50,4,32.80,24.90,1.00,158.00,27.27,37.31,2.67,4.82,34.64,14.00,1.00,34.60,0.02,52.00,12.46,5.04
50,5,32.85,25.00,1.00,158.00,27.36,37.57,3.05,4.83,34.53,15.00,1.00,34.50,0.02,55.00,12.41,5.22
50,6,32.90,25.10,1.00,158.00,27.44,37.83,3.57,4.83,34.26,15.00,2.00,34.40,0.02,52.00,12.41,4.68
50,7,32.95,25.25,1.00,160.00,27.56,38.03,3.47,4.83,34.56,15.00,2.00,34.90,0.02,57.00,12.41,4.50
50,8,33.00,25.40,1.00,165.00,27.68,38.29,3.52,4.83,34.77,15.00,2.00,34.90,0.02,55.00,12.41,5.04
50,9,33.10,25.50,1.00,171.00,27.78,38.52,3.84,4.82,34.68,16.00,3.00,34.90,0.02,55.00,12.46,5.04
50,10,33.20,25.60,1.00,172.00,27.88,38.72,4.02,4.82,34.70,16.00,3.00,34.80,0.02,55.00,12.46,5.04
51,1,32.65,25.75,0.00,155.00,27.82,36.77,2.53,4.52,34.24,9.00,2.00,33.80,0.02,55.00,13.28,3.96
51,2,32.80,25.90,1.00,163.00,27.97,36.91,2.05,4.45,34.86,10.00,2.00,34.40,0.02,57.00,13.48,6.12
51,3,33.00,26.05,2.00,154.00,28.14,37.23,1.96,4.47,35.27,11.00,4.00,34.80,0.02,57.00,13.43,6.48
51,4,33.20,26.20,3.00,157.00,28.30,37.89,2.29,4.32,35.60,12.00,4.00,34.80,0.02,57.00,13.90,5.40
51,5,32.90,25.80,4.00,157.00,27.93,38.06,2.20,4.33,35.86,10.00,4.00,36.20,0.02,55.00,13.85,5.58
51,6,32.60,25.40,4.00,170.00,27.56,38.24,2.55,4.43,35.69,14.00,5.00,35.20,0.02,57.00,13.53,5.04
51,7,32.50,25.15,4.00,175.00,27.36,39.09,3.23,4.37,35.86,15.00,6.00,35.40,0.02,57.00,13.74,5.04
51,8,32.40,24.90,4.00,173.00,27.15,39.15,3.93,4.77,35.22,15.00,6.00,34.60,0.02,54.00,12.59,5.04
51,9,32.50,25.15,5.00,179.00,27.36,39.43,3.16,4.57,36.27,16.00,6.00,35.60,0.02,55.00,13.14,5.04
51,10,32.60,25.40,5.00,192.00,27.56,39.73,3.38,4.15,36.35,17.00,6.00,35.60,0.02,57.00,14.46,5.04
52,1,32.75,25.40,1.00,124.00,27.61,36.39,1.40,5.38,34.99,7.00,2.00,35.60,0.02,55.00,11.15,4.14
52,2,32.80,25.50,2.00,125.00,27.69,36.66,3.62,5.15,33.04,11.00,3.00,33.00,0.02,55.00,11.65,4.68
52,3,32.85,25.60,3.00,132.00,27.78,37.00,3.34,5.17,33.66,11.00,4.00,33.40,0.02,57.00,11.61,4.50
52,4,32.90,25.70,3.00,131.00,27.86,37.34,4.48,5.08,32.86,11.00,4.00,32.40,0.02,57.00,11.80,5.04
52,5,33.00,25.80,3.00,136.00,27.96,37.43,4.21,4.82,33.22,12.00,4.00,32.80,0.02,55.00,12.46,5.40
52,6,33.10,25.90,4.00,141.00,28.06,37.70,4.57,4.27,33.13,14.00,5.00,32.20,0.02,57.00,14.06,4.32
52,7,33.10,25.95,4.00,148.00,28.10,37.96,4.01,4.50,33.95,14.00,5.00,33.20,0.02,57.00,13.33,3.96
52,8,33.10,26.00,4.00,148.00,28.13,38.06,4.71,4.67,33.35,15.00,6.00,32.40,0.02,57.00,12.86,5.04
52,9,33.20,26.20,5.00,155.00,28.30,38.44,4.64,4.50,33.80,17.00,6.00,33.00,0.02,55.00,13.33,5.04
52,10,33.30,26.40,6.00,166.00,28.47,38.65,5.32,4.05,33.33,19.00,7.00,32.80,0.02,57.00,14.81,5.04
53,1,33.10,25.70,1.00,151.00,27.92,37.10,1.56,5.35,35.54,9.00,2.00,35.80,0.02,55.00,11.21,5.04
53,2,33.00,25.90,1.00,159.00,28.03,37.50,1.33,5.50,36.17,13.00,3.00,36.60,0.02,57.00,10.91,3.96
53,3,33.05,26.10,2.00,156.00,28.19,37.80,2.11,6.34,35.69,12.00,4.00,35.60,0.02,57.00,9.47,3.78
53,4,33.10,26.30,3.00,159.00,28.34,38.20,2.83,6.32,35.37,13.00,4.00,35.20,0.02,57.00,9.50,4.32
53,5,33.15,26.55,3.00,164.00,28.53,38.61,3.19,6.32,35.42,14.00,4.00,35.60,0.02,55.00,9.50,4.14
53,6,33.20,26.80,3.00,169.00,28.72,38.91,3.39,6.34,35.52,14.00,4.00,35.60,0.02,60.00,9.47,4.68
53,7,32.90,26.50,3.00,174.00,28.42,39.16,3.42,6.15,35.74,15.00,4.00,35.60,0.02,57.00,9.76,4.68
53,8,32.60,26.20,3.00,181.00,28.12,39.34,3.37,6.00,35.97,17.00,5.00,36.00,0.02,60.00,10.00,4.68
53,9,32.80,26.20,3.00,175.00,28.18,39.50,3.75,6.50,35.75,17.00,5.00,35.60,0.02,55.00,9.23,4.68
53,10,33.00,26.20,4.00,194.00,28.24,39.59,3.65,5.07,35.94,18.00,6.00,36.00,0.02,57.00,11.84,4.68
54,1,32.95,25.95,2.00,164.00,28.05,36.74,1.49,5.07,35.25,13.00,3.00,34.80,0.02,55.00,11.84,5.76
54,2,32.90,26.00,4.00,168.00,28.07,37.01,1.64,5.00,35.37,14.00,4.00,35.40,0.02,57.00,12.00,4.68
54,3,33.05,26.35,4.00,171.00,28.36,37.31,1.85,5.25,35.46,15.00,6.00,35.40,0.02,57.00,11.43,4.68
54,4,33.20,26.70,4.00,173.00,28.65,37.68,1.70,5.33,35.98,16.00,6.00,36.20,0.02,60.00,11.25,4.68
54,5,33.25,26.60,5.00,174.00,28.60,37.93,1.84,5.35,36.09,17.00,6.00,36.60,0.02,55.00,11.21,4.50
54,6,33.30,26.50,5.00,177.00,28.54,38.20,1.73,5.50,36.47,18.00,6.00,36.80,0.02,57.00,10.91,5.04
54,7,33.05,26.20,6.00,178.00,28.26,38.39,2.65,5.68,35.74,19.00,7.00,35.60,0.02,57.00,10.56,5.04
54,8,32.80,25.90,6.00,175.00,27.97,38.50,2.76,6.67,35.74,18.00,7.00,35.60,0.02,57.00,9.00,5.04
54,9,32.75,25.90,6.00,173.00,27.96,38.59,3.14,6.00,35.45,19.00,7.00,35.20,0.02,55.00,10.00,5.04
54,10,32.70,25.90,6.00,184.00,27.94,38.70,2.89,5.70,35.81,19.00,8.00,35.60,0.02,57.00,10.53,5.04
55,1,33.30,26.00,4.00,145.00,28.19,36.10,1.62,4.67,34.48,9.00,4.00,34.40,0.02,55.00,12.86,4.86
55,2,33.40,26.20,4.00,148.00,28.36,36.34,2.35,4.45,33.99,9.00,4.00,33.20,0.02,57.00,13.48,5.40
55,3,33.20,26.05,4.00,153.00,28.20,36.68,2.35,4.50,34.33,10.00,5.00,33.60,0.02,57.00,13.33,5.40
55,4,33.00,25.90,5.00,157.00,28.03,37.09,2.58,4.35,34.51,10.00,5.00,33.80,0.02,57.00,13.79,5.40
55,5,33.10,26.05,5.00,161.00,28.17,37.44,2.84,4.32,34.60,11.00,5.00,34.00,0.02,55.00,13.90,5.58
55,6,33.20,26.20,5.00,170.00,28.30,37.87,2.99,4.20,34.88,13.00,6.00,34.60,0.02,57.00,14.29,5.04
55,7,33.25,26.35,6.00,175.00,28.42,38.24,3.08,4.15,35.16,14.00,6.00,35.00,0.02,57.00,14.46,5.22
55,8,33.30,26.50,5.00,179.00,28.54,38.63,3.64,4.17,34.99,15.00,7.00,34.80,0.02,57.00,14.40,4.68
55,9,33.35,26.60,5.00,182.00,28.63,38.92,3.52,4.17,35.40,16.00,7.00,35.20,0.02,55.00,14.40,4.68
55,10,33.40,26.70,5.00,183.00,28.71,39.17,3.52,4.17,35.65,17.00,7.00,35.40,0.02,57.00,14.40,4.68
56,1,33.60,26.20,3.00,140.00,28.42,37.45,3.40,4.33,34.05,12.00,4.00,33.20,0.02,55.00,13.85,5.22
56,2,33.80,26.40,3.00,151.00,28.62,37.71,3.02,4.15,34.69,14.00,4.00,33.60,0.02,55.00,14.46,4.68
56,3,33.35,25.90,4.00,151.00,28.14,38.06,3.11,4.17,34.95,16.00,5.00,33.60,0.02,57.00,14.40,4.32
56,4,32.90,25.40,4.00,150.00,27.65,38.39,4.06,4.15,34.33,16.00,5.00,34.40,0.02,55.00,14.46,5.40
56,5,32.85,25.20,4.00,159.00,27.50,38.76,4.18,4.17,34.58,16.00,5.00,34.40,0.02,55.00,14.40,5.40
56,6,32.80,25.00,5.00,158.00,27.34,39.04,4.31,4.32,34.73,17.00,6.00,33.40,0.02,52.00,13.90,5.40
56,7,32.80,25.05,5.00,157.00,27.38,39.33,4.20,4.35,35.13,17.00,6.00,34.40,0.02,57.00,13.79,5.40
56,8,32.80,25.10,5.00,167.00,27.41,39.56,3.85,4.52,35.71,18.00,6.00,34.80,0.02,55.00,13.28,5.40
56,9,32.80,25.20,5.00,166.00,27.48,39.75,3.97,4.65,35.78,18.00,7.00,34.80,0.02,55.00,12.90,5.40
56,10,32.80,25.30,5.00,175.00,27.55,39.93,4.22,4.28,35.71,19.00,7.00,35.40,0.02,55.00,14.01,5.40
57,1,33.20,25.80,0.00,145.00,28.02,36.85,2.56,5.63,34.29,7.00,0.00,34.60,0.02,55.00,10.65,5.76
57,2,33.00,25.80,0.00,160.00,27.96,37.07,1.78,5.17,35.29,8.00,2.00,35.80,0.02,57.00,11.61,4.68
57,3,33.10,26.05,1.00,165.00,28.17,37.37,3.01,5.15,34.36,9.00,2.00,34.20,0.02,57.00,11.65,4.68
57,4,33.20,26.30,1.00,171.00,28.37,37.65,2.87,5.15,34.78,9.00,2.00,34.40,0.02,57.00,11.65,4.68
57,5,33.25,26.20,0.00,176.00,28.32,37.96,3.30,5.17,34.66,10.00,2.00,34.60,0.02,55.00,11.61,4.50
57,6,33.30,26.10,1.00,178.00,28.26,38.27,3.47,5.15,34.80,11.00,2.00,34.60,0.02,57.00,11.65,5.04
57,7,33.10,25.85,0.00,178.00,28.03,38.53,3.72,5.60,34.81,12.00,2.00,34.60,0.02,57.00,10.71,4.86
57,8,32.90,25.60,2.00,180.00,27.79,38.78,4.19,5.50,34.59,13.00,2.00,34.80,0.02,55.00,10.91,5.40
57,9,32.90,25.60,2.00,181.00,27.79,38.95,4.16,5.38,34.79,14.00,2.00,34.80,0.02,55.00,11.15,5.40
57,10,32.90,25.60,2.00,195.00,27.79,39.12,3.83,4.80,35.29,15.00,2.00,35.00,0.02,55.00,12.50,5.40
58,1,32.95,29.95,0.00,139.00,30.85,36.99,3.76,5.46,33.23,12.00,1.00,34.20,0.02,55.00,10.98,4.68
58,2,33.40,30.50,2.00,143.00,31.37,37.04,2.39,5.31,34.65,12.00,1.00,34.60,0.03,80.00,11.29,4.68
58,3,33.25,30.15,3.00,144.00,31.08,37.23,2.42,5.33,34.81,13.00,3.00,34.60,0.02,57.00,11.25,4.86
58,4,33.10,29.80,4.00,146.00,30.79,37.56,2.75,5.46,34.81,15.00,4.00,34.60,0.03,80.00,10.98,4.32
58,5,33.20,29.85,4.00,148.00,30.86,37.94,2.46,5.50,35.48,15.00,5.00,35.20,0.02,55.00,10.91,4.14
58,6,33.30,29.90,4.00,152.00,30.92,38.07,1.79,5.62,36.28,17.00,6.00,36.00,0.03,77.00,10.68,4.68
58,7,32.85,29.40,6.00,157.00,30.44,38.36,2.67,5.67,35.69,17.00,6.00,35.40,0.02,57.00,10.59,4.68
58,8,32.40,28.90,6.00,155.00,29.95,38.66,2.88,5.83,35.78,17.00,7.00,35.40,0.03,77.00,10.29,4.68
58,9,32.80,29.45,6.00,160.00,30.46,38.88,2.49,6.13,36.39,18.00,7.00,36.00,0.02,55.00,9.78,4.68
58,10,33.20,30.00,6.00,151.00,30.96,38.94,2.25,6.49,36.69,19.00,8.00,36.40,0.03,80.00,9.25,4.68
59,1,32.75,29.35,1.00,151.00,30.37,36.71,2.40,4.77,34.31,14.00,1.00,34.60,0.02,55.00,12.59,4.68
59,2,32.90,29.50,2.00,156.00,30.52,36.87,2.09,4.77,34.78,14.00,1.00,35.00,0.03,77.00,12.59,4.68
59,3,32.75,29.35,1.00,152.00,30.37,37.14,2.09,4.85,35.05,14.00,3.00,35.10,0.02,57.00,12.37,5.04
59,4,32.60,29.20,1.00,160.00,30.22,37.52,2.26,4.77,35.27,14.00,3.00,35.40,0.03,77.00,12.59,3.96
59,5,32.55,29.10,1.00,165.00,30.14,38.00,2.75,4.87,35.25,14.00,3.00,35.10,0.02,55.00,12.33,3.42
59,6,32.50,29.00,1.00,169.00,30.05,38.35,2.83,4.82,35.52,14.00,3.00,36.40,0.03,77.00,12.46,5.04
59,7,32.80,29.50,1.00,166.00,30.49,38.72,3.39,5.42,35.33,14.00,3.00,36.00,0.02,57.00,11.08,4.50
59,8,33.10,30.00,2.00,172.00,30.93,38.94,2.88,5.17,36.06,15.00,3.00,36.30,0.03,80.00,11.61,6.12
59,9,32.85,29.75,2.00,174.00,30.68,39.19,3.48,5.15,35.71,16.00,4.00,35.40,0.02,55.00,11.65,6.66
59,10,32.60,29.50,2.00,171.00,30.43,39.51,2.82,5.15,36.69,16.00,4.00,36.90,0.03,80.00,11.65,5.04
60,1,32.60,29.20,1.00,137.00,30.22,36.74,3.14,4.70,33.60,8.00,2.00,33.40,0.02,55.00,12.77,4.14
60,2,32.80,29.40,2.00,149.00,30.42,36.92,2.43,4.82,34.49,9.00,3.00,34.20,0.03,77.00,12.46,4.68
60,3,32.95,29.55,3.00,157.00,30.57,37.22,1.74,4.83,35.48,11.00,4.00,35.20,0.02,57.00,12.41,4.68
60,4,33.10,29.70,3.00,161.00,30.72,37.57,1.58,4.82,35.99,12.00,4.00,35.60,0.03,77.00,12.46,4.68
60,5,33.20,29.70,4.00,167.00,30.75,37.94,1.60,4.83,36.34,15.00,5.00,36.00,0.02,55.00,12.41,4.68
60,6,33.30,29.70,4.00,177.00,30.78,38.38,1.86,4.83,36.52,15.00,5.00,35.80,0.03,77.00,12.41,4.68
60,7,33.10,29.50,4.00,181.00,30.58,38.91,2.00,4.82,36.91,16.00,6.00,36.40,0.02,57.00,12.46,4.86
60,8,32.90,29.30,5.00,184.00,30.38,39.75,2.68,5.00,37.07,17.00,7.00,36.60,0.03,77.00,12.00,4.32
60,9,32.85,29.25,6.00,182.00,30.33,39.81,2.54,5.80,37.27,19.00,8.00,36.60,0.02,55.00,10.34,4.14
60,10,32.80,29.20,6.00,188.00,30.28,39.97,1.89,6.28,38.08,20.00,8.00,37.80,0.03,77.00,9.55,4.68
61,1,32.65,30.10,3.00,120.00,30.87,36.72,3.35,5.81,33.37,7.00,4.00,33.60,0.02,55.00,10.32,4.68
61,2,33.00,30.60,4.00,126.00,31.32,36.83,3.17,5.83,33.66,8.00,5.00,33.60,0.03,83.00,10.29,4.68
61,3,33.15,30.75,6.00,136.00,31.47,37.28,3.29,5.67,33.99,12.00,7.00,33.80,0.02,57.00,10.59,5.04
61,4,33.30,30.90,6.00,158.00,31.62,37.64,3.18,5.38,34.46,14.00,7.00,34.40,0.03,83.00,11.15,3.96
61,5,32.75,30.10,6.00,149.00,30.90,38.09,4.44,5.31,33.65,15.00,7.00,33.60,0.02,55.00,11.29,3.60
61,6,32.20,29.30,6.00,154.00,30.17,38.42,4.71,5.17,33.71,16.00,7.00,33.60,0.03,80.00,11.61,4.68
61,7,32.55,29.55,6.00,161.00,30.45,38.85,4.11,5.15,34.74,16.00,7.00,34.40,0.02,57.00,11.65,4.86
61,8,32.90,29.80,6.00,167.00,30.73,39.14,3.41,5.17,35.73,17.00,8.00,35.60,0.03,80.00,11.61,4.32
61,9,32.95,29.85,6.00,173.00,30.78,39.40,3.71,5.00,35.69,18.00,8.00,35.20,0.02,55.00,12.00,4.14
61,10,33.00,29.90,6.00,180.00,30.83,39.66,3.86,4.92,35.80,19.00,8.00,35.60,0.03,80.00,12.20,4.68
62,1,33.50,30.05,2.00,155.00,31.09,37.07,2.99,5.05,34.08,13.00,3.00,34.60,0.02,55.00,11.88,5.40
62,2,33.30,29.90,3.00,152.00,30.92,37.42,1.88,5.54,35.54,13.00,4.00,35.80,0.03,77.00,10.84,5.40
62,3,33.30,29.85,4.00,161.00,30.89,37.83,1.94,5.50,35.89,13.00,5.00,36.20,0.02,57.00,10.91,5.76
62,4,33.30,29.80,4.00,159.00,30.85,38.27,2.38,5.96,35.89,14.00,5.00,35.80,0.03,77.00,10.06,4.68
62,5,33.35,29.85,4.00,162.00,30.90,38.68,2.38,6.23,36.30,14.00,6.00,36.20,0.02,55.00,9.63,4.68
62,6,33.40,29.90,4.00,160.00,30.95,39.02,2.71,6.63,36.31,14.00,6.00,36.00,0.03,77.00,9.05,4.68
62,7,33.40,30.05,5.00,160.00,31.06,39.28,3.03,7.10,36.25,15.00,7.00,36.20,0.02,57.00,8.45,4.50
62,8,33.40,30.20,5.00,159.00,31.16,39.44,2.98,7.48,36.46,17.00,7.00,36.20,0.03,80.00,8.02,5.04
62,9,33.25,29.95,5.00,159.00,30.94,39.56,3.08,7.43,36.48,18.00,7.00,36.20,0.02,55.00,8.07,5.04
62,10,33.10,29.70,5.00,190.00,30.72,39.71,3.56,5.88,36.15,18.00,7.00,36.00,0.03,77.00,10.20,5.04
63,1,33.35,29.80,2.00,160.00,30.87,37.13,2.52,4.78,34.61,8.00,3.00,34.80,0.02,55.00,12.54,4.68
63,2,33.50,30.20,3.00,171.00,31.19,37.42,2.00,4.95,35.42,12.00,4.00,35.60,0.03,77.00,12.12,4.68
63,3,33.25,29.65,4.00,174.00,30.73,37.83,1.60,5.31,36.23,14.00,5.00,36.40,0.02,57.00,11.29,4.50
63,4,33.00,29.10,5.00,174.00,30.27,38.21,2.04,5.33,36.17,16.00,6.00,36.40,0.03,74.00,11.25,5.04
63,5,33.00,29.25,5.00,181.00,30.38,38.63,2.04,5.57,36.59,17.00,7.00,37.00,0.02,55.00,10.78,4.86
63,6,33.00,29.40,5.00,183.00,30.48,39.02,2.26,5.98,36.76,19.00,7.00,36.80,0.03,77.00,10.03,5.40
63,7,33.35,29.90,6.00,170.00,30.94,39.37,2.10,8.20,37.27,17.00,7.00,37.40,0.02,57.00,7.32,5.58
63,8,33.70,30.40,6.00,185.00,31.39,39.58,2.08,6.56,37.50,20.00,8.00,37.40,0.03,77.00,9.14,5.04
63,9,33.35,29.90,6.00,182.00,30.94,39.79,2.67,7.45,37.12,19.00,8.00,37.40,0.02,55.00,8.05,5.04
63,10,33.00,29.40,6.00,189.00,30.48,39.94,3.52,6.65,36.42,19.00,8.00,36.40,0.03,77.00,9.02,5.04
64,1,32.80,29.20,3.00,145.00,30.28,36.53,2.10,4.50,34.43,9.00,4.00,34.40,0.02,55.00,13.33,5.04
64,2,32.90,29.50,4.00,153.00,30.52,36.84,2.00,4.33,34.84,9.00,5.00,34.60,0.03,77.00,13.85,5.04
64,3,33.00,29.55,4.00,157.00,30.59,37.21,1.30,4.33,35.91,10.00,5.00,36.20,0.02,57.00,13.85,4.86
64,4,33.10,29.60,5.00,161.00,30.65,37.64,1.57,4.33,36.07,10.00,6.00,36.20,0.03,77.00,13.85,5.40
64,5,33.25,29.80,5.00,173.00,30.84,38.09,1.87,4.32,36.22,11.00,7.00,36.20,0.02,55.00,13.90,5.40
64,6,33.40,30.00,6.00,172.00,31.02,38.50,2.04,4.33,36.46,14.00,7.00,36.40,0.03,77.00,13.85,5.40
64,7,33.20,29.75,6.00,172.00,30.79,38.94,2.70,4.60,36.24,15.00,8.00,36.40,0.02,57.00,13.04,5.40
64,8,33.00,29.50,6.00,178.00,30.55,39.19,2.90,4.67,36.29,16.00,8.00,36.20,0.03,77.00,12.86,5.40
64,9,33.00,29.55,6.00,186.00,30.59,39.72,3.14,4.97,36.58,17.00,8.00,36.80,0.02,55.00,12.08,5.22
64,10,33.00,29.60,6.00,182.00,30.62,40.06,3.63,4.70,36.43,18.00,8.00,36.60,0.03,77.00,12.77,5.76
65,1,32.65,28.85,3.00,133.00,29.99,37.27,3.17,4.50,34.10,14.00,4.00,34.00,0.02,55.00,13.33,6.30
65,2,32.80,29.20,4.00,143.00,30.28,37.55,2.17,4.33,35.38,15.00,4.00,35.20,0.03,77.00,13.85,4.68
65,3,33.00,29.35,4.00,148.00,30.45,37.90,1.57,4.33,36.33,16.00,5.00,36.20,0.02,57.00,13.85,4.68
65,4,33.20,29.50,5.00,151.00,30.61,38.32,1.96,4.68,36.36,17.00,6.00,36.00,0.03,77.00,12.81,4.68
65,5,33.00,29.30,5.00,157.00,30.41,38.73,2.70,4.85,36.03,18.00,7.00,36.00,0.02,55.00,12.37,4.68
65,6,32.80,29.10,5.00,161.00,30.21,39.16,2.73,5.17,36.43,19.00,7.00,36.40,0.03,77.00,11.61,4.68
65,7,32.75,29.05,6.00,165.00,30.16,39.57,3.27,4.50,36.30,20.00,8.00,36.20,0.02,57.00,13.32,4.68
65,8,32.70,29.00,6.00,165.00,30.11,39.86,3.34,5.90,36.52,20.00,8.00,36.20,0.03,77.00,10.17,4.68
65,9,32.70,29.05,6.00,167.00,30.15,40.14,3.26,6.25,36.88,20.00,8.00,36.20,0.02,55.00,9.60,4.50
65,10,32.70,29.10,6.00,174.00,30.18,40.34,3.64,5.58,36.70,20.00,8.00,35.80,0.03,77.00,10.75,5.04
66,1,33.20,29.55,1.00,157.00,30.65,36.71,2.19,5.37,34.52,8.00,2.00,34.60,0.02,55.00,11.18,5.94
66,2,33.10,29.30,1.00,165.00,30.44,36.92,1.47,5.17,35.45,10.00,2.00,35.40,0.03,74.00,11.61,4.32
66,3,33.05,29.40,0.00,173.00,30.50,37.24,1.40,5.15,35.84,11.00,2.00,35.80,0.02,57.00,11.65,3.96
66,4,33.00,29.50,2.00,178.00,30.55,37.67,1.72,5.33,35.95,12.00,3.00,35.80,0.03,77.00,11.25,5.04
66,5,33.10,29.70,2.00,181.00,30.72,38.12,2.17,5.46,35.95,13.00,3.00,35.80,0.02,55.00,10.98,5.22
66,6,33.20,29.90,1.00,180.00,30.89,38.53,2.73,7.38,35.80,13.00,2.00,35.60,0.03,77.00,8.13,4.68
66,7,33.15,29.90,0.00,180.00,30.88,38.73,2.23,7.19,36.50,14.00,3.00,36.40,0.02,57.00,8.35,4.32
66,8,33.10,29.90,2.00,184.00,30.86,38.89,2.08,5.98,36.81,15.00,3.00,36.40,0.03,80.00,10.03,5.40
66,9,32.95,29.85,2.00,181.00,30.78,38.99,2.62,7.63,36.37,15.00,3.00,35.80,0.02,55.00,7.86,5.40
66,10,32.80,29.80,3.00,162.00,30.70,39.18,2.32,6.50,36.86,18.00,4.00,36.40,0.03,80.00,9.23,5.40
67,1,32.60,27.10,2.00,159.00,28.75,36.78,2.55,6.55,34.23,11.00,0.00,34.00,0.02,65.00,9.16,6.20
67,2,32.70,27.20,2.00,166.00,28.85,37.15,2.85,5.83,34.30,12.00,0.00,33.80,0.02,65.00,10.29,6.10
67,3,32.70,27.20,2.00,169.00,28.85,37.44,2.77,6.36,34.67,13.00,0.00,34.20,0.02,65.00,9.43,6.10
67,4,32.80,27.30,3.00,173.00,28.95,37.68,2.95,6.27,34.73,15.00,0.00,34.20,0.02,65.00,9.57,6.10
67,5,32.80,27.30,3.00,177.00,28.95,37.90,3.22,6.30,34.68,15.00,0.00,34.20,0.02,65.00,9.52,6.00
67,6,32.80,27.30,3.00,180.00,28.95,38.88,3.82,6.19,35.06,16.00,0.00,34.80,0.02,65.00,9.69,6.10
67,7,32.80,27.30,3.00,177.00,28.95,39.15,4.29,6.21,34.86,15.00,0.00,34.20,0.02,65.00,9.66,6.00
67,8,32.80,27.30,3.00,183.00,28.95,39.28,4.09,6.15,35.19,17.00,0.00,34.20,0.02,65.00,9.76,5.80
67,9,32.80,27.30,4.00,180.00,28.95,39.41,4.23,6.27,35.18,18.00,0.00,34.60,0.02,65.00,9.57,5.70
67,10,32.90,27.40,4.00,188.00,29.05,39.61,4.43,6.21,35.18,19.00,0.00,34.60,0.02,65.00,9.67,5.60
68,1,32.40,27.40,2.00,148.00,28.55,36.87,2.78,5.38,34.09,11.00,0.00,33.40,0.02,68.00,11.15,6.90
68,2,32.60,27.60,2.00,151.00,28.75,37.27,2.62,4.73,34.65,11.00,0.00,34.40,0.02,68.00,12.70,6.80
68,3,32.70,27.70,3.00,159.00,28.85,37.40,2.35,4.67,35.05,12.00,0.00,34.80,0.02,68.00,12.86,6.90
68,4,33.10,28.10,3.00,161.00,29.25,37.76,1.92,4.57,35.84,15.00,0.00,36.00,0.02,68.00,13.13,6.40
68,5,33.50,28.50,3.00,164.00,29.65,37.94,1.58,4.51,36.36,15.00,0.00,36.60,0.03,68.00,13.31,6.20
68,6,33.70,28.70,3.00,169.00,29.85,38.18,1.61,4.36,36.57,16.00,0.00,36.60,0.03,68.00,13.78,6.30
68,7,33.90,28.90,4.00,171.00,30.05,38.43,2.44,4.35,35.99,17.00,0.00,36.00,0.03,68.00,13.79,6.10
68,8,33.60,28.10,4.00,172.00,30.10,38.71,2.80,4.37,35.91,17.00,0.00,36.00,0.02,66.00,13.73,5.80
68,9,33.70,27.70,4.00,174.00,29.50,38.89,3.13,4.38,35.76,18.00,0.00,35.80,0.02,63.00,13.71,5.00
68,10,33.50,27.50,4.00,183.00,29.30,39.73,3.66,4.27,36.07,19.00,0.00,36.20,0.02,63.00,14.05,5.70
69,1,32.60,26.60,2.00,158.00,28.40,37.05,2.12,6.53,34.93,11.00,0.00,34.80,0.02,62.00,9.18,6.60
69,2,32.60,27.10,2.00,168.00,28.75,37.21,2.00,6.27,35.21,12.00,0.00,35.20,0.02,65.00,9.57,6.50
69,3,32.60,27.10,2.00,171.00,28.40,37.39,2.01,6.21,35.38,13.00,0.00,35.20,0.02,62.00,9.66,6.20
69,4,32.70,26.70,3.00,176.00,28.50,37.64,2.36,6.02,35.28,13.00,0.00,35.20,0.02,62.00,9.97,6.10
69,5,32.80,26.80,3.00,181.00,28.60,37.93,2.14,5.90,35.79,15.00,0.00,35.60,0.02,63.00,10.17,6.20
69,6,32.80,26.80,3.00,184.00,28.60,38.20,2.47,6.03,35.73,16.00,0.00,35.60,0.02,63.00,9.95,6.10
69,7,32.80,26.80,4.00,184.00,28.60,38.50,2.72,6.03,35.78,16.00,0.00,35.40,0.02,63.00,9.95,6.00
69,8,32.90,26.90,4.00,189.00,28.35,38.75,2.56,6.13,36.19,18.00,0.00,36.00,0.02,63.00,9.80,5.90
69,9,33.00,27.00,4.00,195.00,28.80,38.97,2.11,6.06,36.86,19.00,0.00,36.60,0.02,60.00,9.90,5.60
69,10,32.80,26.80,4.00,195.00,28.60,39.17,2.41,6.14,36.76,19.00,0.00,36.80,0.02,63.00,9.77,5.20
70,1,32.80,27.30,3.00,159.00,28.95,37.44,3.10,4.43,34.34,14.00,0.00,34.40,0.02,65.00,13.53,4.80
70,2,32.80,27.30,3.00,168.00,28.95,37.76,2.68,4.38,35.08,14.00,0.00,35.40,0.02,65.00,13.71,4.90
70,3,32.90,27.40,3.00,172.00,29.05,38.13,2.16,4.16,35.97,15.00,0.00,36.80,0.02,65.00,14.44,4.80
70,4,32.90,27.40,3.00,174.00,29.05,38.50,2.85,4.04,35.65,16.00,0.00,36.20,0.02,65.00,14.85,5.00
70,5,32.90,26.90,4.00,179.00,29.05,38.84,2.85,4.11,35.99,17.00,0.00,36.40,0.02,65.00,14.60,5.50
70,6,32.90,27.40,4.00,183.00,29.05,39.12,2.84,4.04,36.28,17.00,0.00,36.80,0.02,65.00,14.85,5.40
70,7,32.90,27.40,4.00,185.00,29.05,39.47,3.29,4.04,36.18,19.00,0.00,36.60,0.02,65.00,14.87,5.60
70,8,33.00,27.00,4.00,187.00,28.80,39.78,2.89,4.03,36.89,19.00,0.00,37.40,0.02,63.00,14.88,5.40
70,9,33.00,27.00,4.00,186.00,28.80,40.08,3.72,4.00,36.36,19.00,0.00,36.60,0.02,63.00,15.00,5.50
70,10,33.00,27.00,4.00,189.00,28.80,40.56,3.59,4.05,36.97,19.00,0.00,37.20,0.02,63.00,14.80,5.60
71,1,32.90,27.40,3.00,154.00,29.05,36.65,2.45,5.20,34.20,9.00,0.00,34.60,0.02,66.00,11.54,6.80
71,2,32.70,27.20,3.00,166.00,28.85,36.81,2.50,5.29,34.31,10.00,0.00,34.20,0.02,65.00,11.34,6.80
71,3,32.80,27.30,3.00,170.00,28.95,37.13,2.43,5.09,34.70,11.00,0.00,34.40,0.02,66.00,11.78,6.60
71,4,32.80,27.30,3.00,172.00,28.95,37.47,2.60,5.08,34.87,14.00,0.00,34.80,0.02,66.00,11.80,6.40
71,5,32.30,26.80,3.00,175.00,28.45,37.90,2.74,5.06,35.16,15.00,0.00,35.20,0.02,65.00,11.86,6.30
71,6,32.60,27.10,4.00,180.00,28.75,38.15,2.81,5.01,35.34,17.00,0.00,35.40,0.02,65.00,11.97,6.20
71,7,33.00,27.50,4.00,171.00,29.15,38.44,2.67,5.14,35.77,18.00,0.00,35.80,0.02,66.00,11.67,6.10
71,8,32.90,27.40,4.00,173.00,29.05,38.74,2.86,5.31,35.88,19.00,0.00,36.20,0.02,66.00,11.31,6.30
71,9,32.90,27.40,4.00,162.00,29.05,38.96,2.81,5.39,36.15,19.00,0.00,36.60,0.02,66.00,11.13,6.10
71,10,33.00,27.50,4.00,173.00,29.15,39.19,3.54,5.51,35.65,19.00,0.00,35.40,0.02,66.00,10.89,6.10
72,1,32.60,26.60,1.00,154.00,28.75,37.27,2.26,6.20,35.01,6.00,0.00,34.60,0.02,62.00,9.68,6.50
72,2,32.60,27.10,1.00,161.00,28.75,37.57,2.80,5.65,34.77,6.00,0.00,33.80,0.02,65.00,10.62,6.80
72,3,32.70,27.20,1.00,165.00,28.85,37.89,3.04,5.39,34.85,7.00,0.00,34.20,0.02,65.00,11.13,6.80
72,4,32.70,27.20,1.00,168.00,28.85,38.17,3.93,5.17,34.24,7.00,0.00,33.20,0.02,65.00,11.61,6.30
72,5,32.80,27.30,1.00,171.00,28.95,38.44,3.90,5.02,34.54,8.00,0.00,33.40,0.02,65.00,11.94,6.20
72,6,32.80,26.80,1.00,175.00,28.60,38.72,4.13,4.99,34.59,9.00,0.00,33.40,0.02,63.00,12.03,6.00
72,7,32.90,26.90,1.00,177.00,28.70,38.96,4.25,4.87,34.71,10.00,0.00,33.80,0.02,63.00,12.32,6.10
72,8,32.90,26.90,1.00,180.00,28.70,39.18,4.29,4.86,34.89,12.00,0.00,33.80,0.02,63.00,12.34,5.80
72,9,32.90,26.90,1.00,180.00,28.70,39.38,3.98,4.83,35.40,14.00,0.00,34.60,0.02,63.00,12.42,5.80
72,10,33.00,27.00,1.00,181.00,28.80,39.60,4.37,4.73,35.23,16.00,0.00,34.60,0.02,63.00,12.68,5.20
73,1,32.60,27.10,1.00,155.00,28.75,36.97,1.75,5.58,35.22,8.00,0.00,35.20,0.02,65.00,10.75,5.80
73,2,32.70,27.20,1.00,165.00,28.85,37.21,2.82,5.02,34.39,11.00,0.00,34.00,0.02,65.00,11.96,5.50
73,3,32.70,27.20,2.00,169.00,28.85,37.51,2.77,4.82,34.74,12.00,0.00,34.60,0.02,65.00,12.46,5.90
73,4,32.80,26.80,3.00,174.00,28.95,37.86,3.22,4.89,34.64,11.00,0.00,34.60,0.02,63.00,12.28,5.70
73,5,32.80,26.80,2.00,177.00,28.95,38.12,3.27,4.79,34.85,13.00,0.00,34.60,0.02,63.00,12.52,6.10
73,6,32.80,26.80,3.00,176.00,28.60,38.42,3.19,4.94,35.23,14.00,0.00,34.80,0.02,63.00,12.15,6.00
73,7,32.90,26.90,3.00,178.00,28.70,38.63,3.17,4.93,35.46,16.00,0.00,35.60,0.02,63.00,12.16,5.80
73,8,32.90,26.90,3.00,178.00,28.70,38.92,3.83,5.07,35.09,17.00,0.00,34.60,0.02,63.00,11.83,6.20
73,9,33.00,27.00,4.00,181.00,28.80,39.20,3.41,5.14,35.79,18.00,0.00,35.60,0.02,63.00,11.68,5.80
73,10,32.90,26.90,4.00,185.00,28.70,39.50,4.09,5.17,35.41,19.00,0.00,35.20,0.02,65.00,11.61,5.60
74,1,32.70,27.20,1.00,162.00,28.85,37.48,4.26,6.83,33.22,7.00,0.00,33.40,0.02,65.00,8.78,6.70
74,2,32.60,27.10,1.00,164.00,28.75,37.88,4.33,6.56,33.55,8.00,0.00,33.60,0.02,65.00,9.15,5.90
74,3,32.60,27.10,1.00,165.00,28.75,38.14,3.86,6.46,34.28,8.00,0.00,33.80,0.02,65.00,9.29,5.90
74,4,33.30,27.80,1.00,165.00,29.45,38.40,3.77,6.41,34.63,12.00,0.00,34.60,0.02,65.00,9.36,6.00
74,5,32.90,27.40,2.00,172.00,29.05,38.66,3.72,6.24,34.94,12.00,0.00,35.40,0.02,65.00,9.61,6.00
74,6,32.80,26.80,1.00,164.00,28.60,38.92,3.96,6.51,34.96,13.00,0.00,35.00,0.02,63.00,9.21,5.70
74,7,32.90,26.90,2.00,174.00,28.70,39.18,4.25,6.43,34.92,13.00,0.00,34.80,0.02,63.00,9.33,5.90
74,8,32.90,26.90,2.00,174.00,28.70,39.43,3.91,6.44,35.52,13.00,0.00,35.60,0.02,63.00,9.31,6.10
74,9,33.00,27.00,2.00,177.00,28.80,39.69,3.98,6.46,35.71,15.00,0.00,35.40,0.02,63.00,9.29,5.90
74,10,33.40,27.40,3.00,189.00,29.20,39.95,4.11,6.30,35.84,15.00,0.00,35.60,0.02,63.00,9.52,5.90
